session,input,protocol,rows,threads,samples,baseline_ms,candidate_ms,p10_ms,p90_ms,saved_percent
1,field,ordinary,4096,1,21,0.347917,0.347125,0.329583,0.400625,0.22764050046418793
1,field,ordinary,4096,4,21,0.316875,0.318709,0.316708,0.322375,-0.5787771203155767
1,field,ordinary,4096,10,21,0.323042,0.323458,0.317958,0.324125,-0.12877582481534144
1,field,ordinary,32768,1,21,2.495416,2.481709,2.418709,2.62525,0.5492871729603443
1,field,ordinary,32768,4,21,1.397667,1.094333,1.084709,1.113875,21.7028805860051
1,field,ordinary,32768,10,21,1.384959,1.058334,0.9435,1.342125,23.583730637513455
1,field,ordinary,131072,1,21,9.768666,9.8485,9.546833,10.1765,-0.8172456710056508
1,field,ordinary,131072,4,21,4.434541,3.075833,3.038333,3.128667,30.639202569104672
1,field,ordinary,131072,10,21,4.223792,2.645709,2.242667,3.309917,37.36175929117722
1,field,ordinary,524288,1,21,37.179792,37.077291,36.927959,37.473417,0.27569008454915167
1,field,ordinary,524288,4,21,16.756334,11.2785,10.74475,11.672375,32.69112444285247
1,field,ordinary,524288,10,21,12.804125,6.511958,6.333083,6.867542,49.14171800103482
1,field,skip-1,4096,1,21,0.497,0.487,0.470833,0.512375,2.012072434607648
1,field,skip-1,4096,4,21,0.459167,0.457291,0.456209,0.500541,0.4085659465945968
1,field,skip-1,4096,10,21,0.465625,0.466792,0.4575,0.4725,-0.25063087248322624
1,field,skip-1,32768,1,21,3.709416,3.705625,3.576416,3.889542,0.10219937585862482
1,field,skip-1,32768,4,21,3.171708,1.438583,1.378375,1.474833,54.64327107035074
1,field,skip-1,32768,10,21,3.263292,1.097333,1.033541,1.352292,66.37343516914821
1,field,skip-1,131072,1,21,14.545167,14.500833,14.1315,14.879083,0.30480227555998995
1,field,skip-1,131072,4,21,11.736459,4.347375,4.279542,4.5585,62.95837611668051
1,field,skip-1,131072,10,21,11.543209,2.826167,2.70625,3.30475,75.51662626917697
1,field,skip-1,524288,1,21,55.4615,55.27875,54.896417,56.025834,0.3295078568015697
1,field,skip-1,524288,4,21,47.554292,17.270292,16.602125,18.4495,63.68300047448925
1,field,skip-1,524288,10,21,43.977333,8.79725,8.553542,9.557167,79.99594472907214
1,field,skip-2,4096,1,21,0.539125,0.547792,0.515541,0.595333,-1.6076049153721295
1,field,skip-2,4096,4,21,0.500917,0.500625,0.500084,0.510292,0.05829309047207243
1,field,skip-2,4096,10,21,0.501375,0.501375,0.500083,0.512209,0.0
1,field,skip-2,32768,1,21,4.07975,4.0535,3.976667,4.227417,0.6434217782952389
1,field,skip-2,32768,4,21,3.819542,1.517458,1.449167,1.605833,60.27120529110559
1,field,skip-2,32768,10,21,3.9635,1.088625,1.02975,1.182916,72.53374542702159
1,field,skip-2,131072,1,21,15.529792,15.628083,15.506417,15.777792,-0.6329189727718232
1,field,skip-2,131072,4,21,14.408125,4.723166,4.571708,5.132208,67.2187324860105
1,field,skip-2,131072,10,21,15.095041,3.224708,2.913459,5.698125,78.63730214445923
1,field,skip-2,524288,1,21,61.161167,61.448208,60.955292,61.869542,-0.46931903702884803
1,field,skip-2,524288,4,21,58.647042,18.692916,17.675542,19.738792,68.12641292292287
1,field,skip-2,524288,10,21,56.319458,9.058875,8.897583,9.397,83.91519499353136
1,field,skip-3,4096,1,21,0.657083,0.648125,0.621834,0.687167,1.3632980917174797
1,field,skip-3,4096,4,21,0.605583,0.605834,0.605416,0.612666,-0.0414476628306959
1,field,skip-3,4096,10,21,0.61775,0.61775,0.616875,0.61875,0.0
1,field,skip-3,32768,1,21,4.9375,4.949875,4.798166,5.092125,-0.25063291139240107
1,field,skip-3,32768,4,21,4.724417,1.557833,1.529417,1.673125,67.02592087023648
1,field,skip-3,32768,10,21,4.812334,1.150458,1.074292,1.260125,76.09355460364971
1,field,skip-3,131072,1,21,19.160042,19.137959,19.048459,19.323666,0.11525548847961531
1,field,skip-3,131072,4,21,18.626666,5.654916,5.540916,5.835583,69.64075052400682
1,field,skip-3,131072,10,21,19.790542,3.79025,3.48525,4.248208,80.84817485039065
1,field,skip-3,524288,1,21,75.332917,75.03175,74.802625,75.583666,0.39978141295126113
1,field,skip-3,524288,4,21,76.33725,21.894791,21.158666,24.228083,71.31833934285031
1,field,skip-3,524288,10,21,74.616917,10.865375,10.464917,12.302833,85.43845626856977
1,field,skip-4,4096,1,21,0.848666,0.851291,0.847625,0.919333,-0.309308962536492
1,field,skip-4,4096,4,21,0.831375,0.831291,0.830959,0.836917,0.010103743797928999
1,field,skip-4,4096,10,21,0.834041,0.83275,0.831125,0.849958,0.1547885535603144
1,field,skip-4,32768,1,21,6.816542,6.777333,6.6555,7.004541,0.5752036736515365
1,field,skip-4,32768,4,21,6.529583,6.539292,6.458833,6.650458,-0.14869249690216968
1,field,skip-4,32768,10,21,6.665708,6.6795,6.455458,6.800042,-0.20690975362256392
1,field,skip-4,131072,1,21,27.64875,27.823542,27.01375,29.923084,-0.6321877119218833
1,field,skip-4,131072,4,21,26.067084,7.338333,7.311167,7.45275,71.84827808127676
1,field,skip-4,131072,10,21,27.521042,4.77425,4.091208,6.42575,82.65236468880794
1,field,skip-4,524288,1,21,104.058833,104.618083,103.433167,106.423125,-0.5374363558353634
1,field,skip-4,524288,4,21,104.270833,27.981917,27.777667,28.173667,73.16419539872669
1,field,skip-4,524288,10,21,104.470291,14.726,14.2775,15.135917,85.90412656168441
1,field,zero,4096,1,21,0.311959,0.327,0.306917,0.367708,-4.82146692353802
1,field,zero,4096,4,21,0.286458,0.286708,0.284583,0.300792,-0.08727282882656784
1,field,zero,4096,10,21,0.285166,0.2855,0.284625,0.288375,-0.1171247624190741
1,field,zero,32768,1,21,2.222041,2.257875,2.162875,2.350458,-1.612661512546354
1,field,zero,32768,4,21,1.326208,1.028833,1.023542,1.053334,22.42295326223338
1,field,zero,32768,10,21,1.342792,0.997,0.903708,1.174625,25.75171731735071
1,field,zero,131072,1,21,8.588709,8.660917,8.573542,9.050583,-0.840731709503717
1,field,zero,131072,4,21,4.154375,2.821542,2.771167,2.884792,32.08263577553784
1,field,zero,131072,10,21,3.743875,2.212542,2.034958,2.431042,40.90235384461287
1,field,zero,524288,1,21,33.21025,33.272125,33.110417,33.590334,-0.18631296060704905
1,field,zero,524288,4,21,16.047417,10.564208,9.743125,12.825708,34.16879489079145
1,field,zero,524288,10,21,12.364792,6.029583,5.689375,6.394583,51.23587198231883
1,u128,ordinary,4096,1,21,0.749125,0.750667,0.746042,0.797666,-0.2058401468379767
1,u128,ordinary,4096,4,21,0.731583,0.730792,0.729166,0.781,0.10812170321070624
1,u128,ordinary,4096,10,21,0.746292,0.743958,0.730625,0.761667,0.31274621729832086
1,u128,ordinary,32768,1,21,5.814042,5.831542,5.668125,6.029458,-0.3009954176457663
1,u128,ordinary,32768,4,21,3.525875,1.974541,1.957625,1.992875,43.9985535505371
1,u128,ordinary,32768,10,21,3.572375,1.645042,1.39175,2.263708,53.951026977850866
1,u128,ordinary,131072,1,21,24.466417,24.630625,23.3165,31.684417,-0.6711567124846995
1,u128,ordinary,131072,4,21,12.866208,6.680583,6.60775,6.746333,48.07651951530707
1,u128,ordinary,131072,10,21,12.16475,4.915541,4.04925,6.0935,59.59192749542736
1,u128,ordinary,524288,1,21,91.022459,91.055958,90.708875,91.924416,-0.03680300484960597
1,u128,ordinary,524288,4,21,50.796833,25.047542,24.827791,26.571959,50.69074089717365
1,u128,ordinary,524288,10,21,43.915917,15.175166,13.143125,18.244292,65.44495245311626
1,u128,skip-1,4096,1,21,0.620084,0.625667,0.587833,0.660375,-0.9003618864541041
1,u128,skip-1,4096,4,21,0.572417,0.574417,0.572125,0.595167,-0.34939563290399267
1,u128,skip-1,4096,10,21,0.574834,0.575125,0.572208,0.60675,-0.050623310381769926
1,u128,skip-1,32768,1,21,4.651833,4.713125,4.490833,4.972208,-1.3175881421366498
1,u128,skip-1,32768,4,21,4.097708,1.651208,1.63025,1.721167,59.704107759752524
1,u128,skip-1,32768,10,21,4.248917,1.2765,1.164459,1.481083,69.95705023185909
1,u128,skip-1,131072,1,21,18.180875,18.564625,17.907209,18.841375,-2.1107344943518846
1,u128,skip-1,131072,4,21,15.606541,5.362167,5.286375,5.666708,65.6415409410708
1,u128,skip-1,131072,10,21,15.358583,3.436417,3.146208,3.799375,77.62542937717627
1,u128,skip-1,524288,1,21,70.217792,70.320083,69.970042,71.749459,-0.14567675383470036
1,u128,skip-1,524288,4,21,63.50925,20.689333,19.636625,25.065042,67.42311867956244
1,u128,skip-1,524288,10,21,59.178583,10.589333,10.330375,11.367208,82.10613964852791
1,u128,skip-2,4096,1,21,0.751375,0.750334,0.720167,0.786375,0.13854599900182674
1,u128,skip-2,4096,4,21,0.69925,0.698834,0.696583,0.706417,0.05949231319271053
1,u128,skip-2,4096,10,21,0.6975,0.697792,0.696875,0.715792,-0.04186379928314832
1,u128,skip-2,32768,1,21,5.747542,5.834416,5.572875,6.023209,-1.5114983065804388
1,u128,skip-2,32768,4,21,5.426375,1.964,1.885667,2.159417,63.806408513971114
1,u128,skip-2,32768,10,21,5.622583,1.33275,1.256916,1.514,76.29648152815174
1,u128,skip-2,131072,1,21,22.767833,22.668291,22.226875,23.044583,0.43720454203963754
1,u128,skip-2,131072,4,21,20.950167,6.97825,6.391541,7.343375,66.69119630406765
1,u128,skip-2,131072,10,21,20.808459,3.612542,3.423333,4.0875,82.63907000513589
1,u128,skip-2,524288,1,21,86.545875,86.548667,86.390958,87.378834,-0.003226034747472184
1,u128,skip-2,524288,4,21,83.398083,27.419167,26.387625,28.647542,67.12254525083029
1,u128,skip-2,524288,10,21,81.854,12.326792,12.004958,12.639583,84.9405135973807
1,u128,skip-3,4096,1,21,0.936375,0.915625,0.89925,0.9955,2.2159925243625644
1,u128,skip-3,4096,4,21,0.867959,0.866833,0.86425,0.874708,0.12972963008621718
1,u128,skip-3,4096,10,21,0.868583,0.883,0.86525,0.950083,-1.6598298608192952
1,u128,skip-3,32768,1,21,7.266167,7.230667,7.002125,7.443542,0.48856570458675197
1,u128,skip-3,32768,4,21,6.823291,2.114458,2.095083,2.272292,69.01117070926624
1,u128,skip-3,32768,10,21,6.957375,1.368042,1.295416,1.919708,80.33680806338597
1,u128,skip-3,131072,1,21,28.144,28.488375,27.780583,29.104584,-1.2236178226264993
1,u128,skip-3,131072,4,21,26.845166,7.841,7.612416,7.974417,70.79176191348566
1,u128,skip-3,131072,10,21,27.058292,4.236042,4.02025,4.396792,84.34475465044136
1,u128,skip-3,524288,1,21,108.738667,108.470042,108.271541,109.870083,0.24703723837261604
1,u128,skip-3,524288,4,21,111.060875,31.642083,29.9355,33.287458,71.50924391690593
1,u128,skip-3,524288,10,21,107.968,15.357666,14.628875,17.512208,85.77572428867812
1,u128,skip-4,4096,1,21,1.188792,1.191292,1.185583,1.334958,-0.21029751209631353
1,u128,skip-4,4096,4,21,1.166333,1.164291,1.161625,1.17125,0.17507864392073413
1,u128,skip-4,4096,10,21,1.166417,1.16375,1.162709,1.185625,0.2286489308712114
1,u128,skip-4,32768,1,21,9.774625,9.820125,9.526958,9.989834,-0.4654910034911808
1,u128,skip-4,32768,4,21,9.158166,9.162208,9.088208,9.213916,-0.04413547428601117
1,u128,skip-4,32768,10,21,9.263792,9.292083,9.187459,9.679625,-0.30539329898597867
1,u128,skip-4,131072,1,21,38.086792,38.215,37.386,39.390459,-0.336620632160356
1,u128,skip-4,131072,4,21,36.716792,10.103083,9.935291,10.207083,72.48375348260274
1,u128,skip-4,131072,10,21,37.284,5.511875,5.307167,6.105833,85.21651378607446
1,u128,skip-4,524288,1,21,146.398166,146.044708,145.641041,146.961875,0.2414360846569652
1,u128,skip-4,524288,4,21,152.562917,40.116792,38.933,41.909875,73.70475552719013
1,u128,skip-4,524288,10,21,147.188333,19.897291,19.269208,21.365542,86.48174716402283
1,u128,zero,4096,1,21,0.595834,0.589,0.571125,0.612459,1.146963751648944
1,u128,zero,4096,4,21,0.555459,0.555208,0.55475,0.560708,0.045187853648964715
1,u128,zero,4096,10,21,0.560875,0.562917,0.555,0.570292,-0.36407399153108866
1,u128,zero,32768,1,21,4.628167,4.646958,4.405166,4.801917,-0.4060138711502903
1,u128,zero,32768,4,21,3.105,1.608125,1.585125,1.656541,48.2085346215781
1,u128,zero,32768,10,21,3.099583,1.356875,1.2515,1.575458,56.2239501249039
1,u128,zero,131072,1,21,18.346625,18.333708,17.615958,18.899125,0.07040531977952069
1,u128,zero,131072,4,21,11.436833,5.177375,5.125166,5.665458,54.73069336589946
1,u128,zero,131072,10,21,10.64775,3.390667,3.091667,4.107209,68.15602357305535
1,u128,zero,524288,1,21,68.337584,68.333417,68.127375,68.733666,0.006097669475702006
1,u128,zero,524288,4,21,44.335833,19.085375,18.922125,19.778792,56.95270911003296
1,u128,zero,524288,10,21,40.36525,10.757709,10.23525,11.402375,73.34908367965019
1,u32,ordinary,4096,1,21,0.426667,0.424958,0.418875,0.437875,0.4005465620730009
1,u32,ordinary,4096,4,21,0.410292,0.410791,0.410292,0.419708,-0.12162069940433451
1,u32,ordinary,4096,10,21,0.4465,0.446042,0.420708,0.460833,0.10257558790593979
1,u32,ordinary,32768,1,21,3.422458,3.381583,3.233041,4.109333,1.1943170668566316
1,u32,ordinary,32768,4,21,1.755542,1.293292,1.276166,1.343166,26.330899517072226
1,u32,ordinary,32768,10,21,1.672333,1.172583,1.037708,1.254041,29.883402408491612
1,u32,ordinary,131072,1,21,13.022792,13.052417,12.752375,13.524458,-0.22748578031499544
1,u32,ordinary,131072,4,21,5.795959,3.890125,3.825083,3.980791,32.882116660935665
1,u32,ordinary,131072,10,21,4.809666,2.629333,2.418667,2.772209,45.332316214888934
1,u32,ordinary,524288,1,21,51.462,51.810125,50.857584,52.455459,-0.6764700167113613
1,u32,ordinary,524288,4,21,21.9055,14.007333,13.883125,14.631959,36.055634429709436
1,u32,ordinary,524288,10,21,17.650875,8.609333,7.857792,9.149958,51.224327405865154
1,u32,skip-1,4096,1,21,0.383,0.40225,0.378,0.42425,-5.026109660574418
1,u32,skip-1,4096,4,21,0.3735,0.370958,0.370458,0.385416,0.6805890227576938
1,u32,skip-1,4096,10,21,0.395125,0.394709,0.382708,0.401583,0.10528313824739177
1,u32,skip-1,32768,1,21,2.917708,2.892958,2.82275,3.006542,0.8482685724548134
1,u32,skip-1,32768,4,21,2.560041,1.277041,1.224958,1.443667,50.11638485477381
1,u32,skip-1,32768,10,21,2.744958,1.209,1.029083,1.373209,55.95561024977431
1,u32,skip-1,131072,1,21,11.480417,11.603375,11.251708,11.881208,-1.0710238138562422
1,u32,skip-1,131072,4,21,8.9475,3.6155,3.550916,3.740042,59.59206482257614
1,u32,skip-1,131072,10,21,8.631917,2.432666,2.246333,2.695416,71.8177781366526
1,u32,skip-1,524288,1,21,46.570333,46.35075,44.947167,46.735292,0.47150833128034586
1,u32,skip-1,524288,4,21,35.777375,13.280583,12.781,13.6865,62.87994018566203
1,u32,skip-1,524288,10,21,33.024708,7.662834,7.053459,9.02325,76.79666387966246
1,u32,skip-2,4096,1,21,0.413833,0.405,0.389833,0.436792,2.134435871474727
1,u32,skip-2,4096,4,21,0.383042,0.383167,0.382291,0.396875,-0.03263349710997954
1,u32,skip-2,4096,10,21,0.407291,0.406875,0.394333,0.415208,0.10213827459972791
1,u32,skip-2,32768,1,21,3.002291,3.004959,2.932917,3.0865,-0.08886546973627674
1,u32,skip-2,32768,4,21,2.868541,1.253667,1.199916,1.378834,56.29600553033755
1,u32,skip-2,32768,10,21,2.983042,1.049209,0.923583,1.255375,64.8275485226155
1,u32,skip-2,131072,1,21,12.173917,12.121792,11.717916,12.435709,0.4281695037020583
1,u32,skip-2,131072,4,21,10.599209,4.372667,3.624834,4.807084,58.745345997045625
1,u32,skip-2,131072,10,21,10.684792,2.416458,2.161917,2.943333,77.38413625646619
1,u32,skip-2,524288,1,21,47.611958,48.688667,47.200125,49.24825,-2.2614255855640364
1,u32,skip-2,524288,4,21,43.477583,17.000625,15.23175,22.992792,60.89795285998304
1,u32,skip-2,524288,10,21,41.089042,7.371959,6.985,8.356667,82.05857659080978
1,u32,skip-3,4096,1,21,0.455125,0.455083,0.450375,0.471125,0.009228234001645852
1,u32,skip-3,4096,4,21,0.441583,0.442292,0.441083,0.465625,-0.16055871716076364
1,u32,skip-3,4096,10,21,0.469917,0.470042,0.463417,0.475083,-0.026600442205748642
1,u32,skip-3,32768,1,21,3.527791,3.53825,3.407833,3.64825,-0.29647447935550186
1,u32,skip-3,32768,4,21,3.415292,1.197416,1.176875,1.248584,64.93957178478443
1,u32,skip-3,32768,10,21,3.477167,0.97175,0.866125,1.136625,72.05339864320581
1,u32,skip-3,131072,1,21,14.191834,14.114167,13.690459,14.502209,0.5472654203818927
1,u32,skip-3,131072,4,21,13.19675,4.178083,4.033042,4.269416,68.34006099986739
1,u32,skip-3,131072,10,21,13.342583,2.512875,2.385458,2.937083,81.16650276786737
1,u32,skip-3,524288,1,21,56.671916,56.927375,55.806459,62.009209,-0.4507682429512272
1,u32,skip-3,524288,4,21,54.283209,16.1395,15.5195,16.67125,70.26796997207737
1,u32,skip-3,524288,10,21,52.032375,8.108458,7.686583,8.897417,84.4165137570599
1,u32,skip-4,4096,1,21,0.596792,0.599416,0.59075,0.636625,-0.43968417807209725
1,u32,skip-4,4096,4,21,0.578791,0.578625,0.578375,0.585334,0.028680473607922696
1,u32,skip-4,4096,10,21,0.592041,0.592208,0.589417,0.6085,-0.0282075058990916
1,u32,skip-4,32768,1,21,4.613667,4.59225,4.510458,4.809,0.46420775491599064
1,u32,skip-4,32768,4,21,4.523417,4.477334,4.437875,4.593209,1.0187652387564583
1,u32,skip-4,32768,10,21,4.525542,4.545291,4.427125,4.60125,-0.4363897186237642
1,u32,skip-4,131072,1,21,18.502417,18.350333,18.08375,18.82525,0.8219682866297928
1,u32,skip-4,131072,4,21,18.123625,5.383458,5.129,5.606583,70.29590934484685
1,u32,skip-4,131072,10,21,17.993167,3.002833,2.851292,3.434292,83.31125921301125
1,u32,skip-4,524288,1,21,73.062375,72.298709,71.188042,75.393541,1.0452247138147408
1,u32,skip-4,524288,4,21,73.237792,20.471916,19.758542,20.728333,72.04733315826888
1,u32,skip-4,524288,10,21,71.352583,10.359209,9.771209,11.175834,85.48166224059472
1,u32,zero,4096,1,21,0.400375,0.388833,0.367708,0.406167,2.8827973774586346
1,u32,zero,4096,4,21,0.360292,0.360792,0.360125,0.373667,-0.13877632586902777
1,u32,zero,4096,10,21,0.373917,0.373167,0.372167,0.38375,0.2005792729402489
1,u32,zero,32768,1,21,2.858834,2.837625,2.759583,2.946084,0.7418758836644557
1,u32,zero,32768,4,21,1.6675,1.20175,1.185,1.325708,27.93103448275862
1,u32,zero,32768,10,21,1.653084,1.195167,1.038417,1.323375,27.70077019679581
1,u32,zero,131072,1,21,11.340208,11.403375,11.06875,11.7195,-0.5570180017862025
1,u32,zero,131072,4,21,5.418541,3.492708,3.447625,3.536916,35.54154153304368
1,u32,zero,131072,10,21,4.614291,2.352,2.253584,2.6075,49.02792216615727
1,u32,zero,524288,1,21,45.244542,45.202542,44.219958,45.756458,0.09282887646425708
1,u32,zero,524288,4,21,20.217083,12.294125,12.191208,13.047875,39.18942213374699
1,u32,zero,524288,10,21,16.680833,7.638167,7.065292,8.409416,54.20991865334304
1,u64,ordinary,4096,1,21,0.45025,0.452167,0.435833,0.476209,-0.4257634647418129
1,u64,ordinary,4096,4,21,0.426541,0.426916,0.426375,0.430875,-0.08791651916228993
1,u64,ordinary,4096,10,21,0.438458,0.440125,0.435125,0.461459,-0.38019605070496176
1,u64,ordinary,32768,1,21,3.288792,3.273458,3.228583,3.356875,0.4662502219660025
1,u64,ordinary,32768,4,21,1.872125,1.32675,1.315875,1.359667,29.131334713226952
1,u64,ordinary,32768,10,21,1.722166,1.12875,1.049917,1.265,34.45753777510414
1,u64,ordinary,131072,1,21,13.321167,13.344042,13.101292,13.863542,-0.17171918946741194
1,u64,ordinary,131072,4,21,6.190167,4.030708,3.979833,4.173209,34.88531084864108
1,u64,ordinary,131072,10,21,5.251792,2.696417,2.58825,2.9275,48.657201199133546
1,u64,ordinary,524288,1,21,53.083,52.631459,51.833125,54.595042,0.8506320290865288
1,u64,ordinary,524288,4,21,24.19525,15.278625,14.419458,15.647875,36.852791353674796
1,u64,ordinary,524288,10,21,18.926625,8.662167,8.142,9.628125,54.23290206257059
1,u64,skip-1,4096,1,21,0.418958,0.415834,0.388292,0.43175,0.7456594694456253
1,u64,skip-1,4096,4,21,0.379916,0.380125,0.379542,0.396709,-0.05501216058285685
1,u64,skip-1,4096,10,21,0.387708,0.387792,0.387375,0.392916,-0.02166578971802835
1,u64,skip-1,32768,1,21,2.896625,2.884125,2.878083,2.959125,0.4315367021965222
1,u64,skip-1,32768,4,21,2.582709,1.274375,1.224209,1.282708,50.657429853692385
1,u64,skip-1,32768,10,21,2.556291,0.981375,0.959708,1.172125,61.60941770713897
1,u64,skip-1,131072,1,21,11.909292,12.061208,11.6325,12.342083,-1.2756089950603178
1,u64,skip-1,131072,4,21,9.237417,3.639833,3.583334,3.728625,60.596852994727854
1,u64,skip-1,131072,10,21,8.921459,2.413584,2.279042,2.593625,72.9463084457374
1,u64,skip-1,524288,1,21,46.041542,46.106916,45.495334,46.390959,-0.14198916274350548
1,u64,skip-1,524288,4,21,35.511917,13.089041,12.915959,13.26175,63.141834894466555
1,u64,skip-1,524288,10,21,34.325875,7.725625,7.3625,8.809167,77.4932904113879
1,u64,skip-2,4096,1,21,0.432584,0.4475,0.415667,1.209666,-3.4481164351894744
1,u64,skip-2,4096,4,21,0.406625,0.406916,0.406292,0.409417,-0.07156470949891691
1,u64,skip-2,4096,10,21,0.415,0.414875,0.407,0.422709,0.030120481927708997
1,u64,skip-2,32768,1,21,3.154167,3.192292,3.067833,3.264709,-1.2087184984181265
1,u64,skip-2,32768,4,21,3.06575,1.307833,1.24175,1.373667,57.34052026420942
1,u64,skip-2,32768,10,21,3.18675,1.080667,0.945875,1.230042,66.08874244920374
1,u64,skip-2,131072,1,21,12.925334,12.946959,12.596375,13.319667,-0.1673070885440886
1,u64,skip-2,131072,4,21,11.391375,3.860458,3.760125,4.111916,66.11069339741691
1,u64,skip-2,131072,10,21,11.4595,2.375542,2.233417,2.543333,79.27010777084516
1,u64,skip-2,524288,1,21,49.627791,51.141959,49.036041,52.500542,-3.0510485546294097
1,u64,skip-2,524288,4,21,44.694833,14.280959,13.82775,14.690125,68.0478524217777
1,u64,skip-2,524288,10,21,43.947042,7.614792,7.314583,8.283166,82.67279968467503
1,u64,skip-3,4096,1,21,0.522708,0.528458,0.4915,0.552916,-1.1000405580170902
1,u64,skip-3,4096,4,21,0.481417,0.481542,0.481333,0.483667,-0.02596501577634136
1,u64,skip-3,4096,10,21,0.494583,0.494042,0.491166,0.503083,0.10938507793434304
1,u64,skip-3,32768,1,21,3.754792,3.776375,3.671083,3.876,-0.574812133401803
1,u64,skip-3,32768,4,21,3.692,1.301917,1.270541,1.346917,64.73680931744312
1,u64,skip-3,32768,10,21,3.744459,0.986459,0.911333,1.027584,73.65550003351619
1,u64,skip-3,131072,1,21,15.435833,15.4415,14.849583,15.888709,-0.036713276180178056
1,u64,skip-3,131072,4,21,14.624708,4.451042,4.369667,4.528917,69.56491712518294
1,u64,skip-3,131072,10,21,15.419958,3.094167,2.55425,5.381625,79.93401149341652
1,u64,skip-3,524288,1,21,58.940084,59.042334,58.716791,59.382625,-0.17348125937519665
1,u64,skip-3,524288,4,21,58.329209,16.682,16.493375,17.678167,71.4002636312109
1,u64,skip-3,524288,10,21,57.034167,8.686625,8.3045,9.655166,84.76943653792647
1,u64,skip-4,4096,1,21,0.695041,0.694166,0.664167,0.753708,0.1258918538618592
1,u64,skip-4,4096,4,21,0.649416,0.649458,0.649166,0.652,-0.006467349125993671
1,u64,skip-4,4096,10,21,0.662458,0.6625,0.649959,0.671,-0.0063400245751354944
1,u64,skip-4,32768,1,21,5.089041,5.120333,5.039917,5.182458,-0.6148899173734401
1,u64,skip-4,32768,4,21,5.082083,5.056875,4.9995,5.161208,0.4960170859074964
1,u64,skip-4,32768,10,21,5.123542,5.147958,5.010375,5.371333,-0.47654532743168776
1,u64,skip-4,131072,1,21,20.949166,21.343084,20.497625,21.650333,-1.8803517046931617
1,u64,skip-4,131072,4,21,20.182208,5.76675,5.720208,5.931541,71.4265654184121
1,u64,skip-4,131072,10,21,20.51625,3.314541,3.147333,3.753291,83.844313653811
1,u64,skip-4,524288,1,21,80.787542,80.704625,80.057625,81.602792,0.10263587422921772
1,u64,skip-4,524288,4,21,83.085292,22.401542,21.689542,23.211209,73.0378970082936
1,u64,skip-4,524288,10,21,80.472209,11.560584,11.146583,12.453958,85.63406653842446
1,u64,zero,4096,1,21,0.394042,0.403708,0.377292,0.413375,-2.453038001025276
1,u64,zero,4096,4,21,0.369916,0.370291,0.369625,0.389792,-0.10137436607229322
1,u64,zero,4096,10,21,0.377416,0.37925,0.376416,0.389666,-0.4859359433622368
1,u64,zero,32768,1,21,2.8425,2.848833,2.789875,2.924167,-0.2227968337730868
1,u64,zero,32768,4,21,1.712583,1.216958,1.200875,1.294541,28.940203190151948
1,u64,zero,32768,10,21,1.681625,1.053459,1.001541,1.161125,37.35470155355682
1,u64,zero,131072,1,21,11.65675,11.732625,11.434833,11.939,-0.6509104167113478
1,u64,zero,131072,4,21,5.694209,3.561208,3.53475,3.62275,37.459127334455054
1,u64,zero,131072,10,21,4.922166,2.481333,2.316333,2.656625,49.5885957523578
1,u64,zero,524288,1,21,44.779709,44.768084,44.40375,46.701584,0.025960418813797403
1,u64,zero,524288,4,21,21.679583,12.676709,12.561333,13.571167,41.526970329641486
1,u64,zero,524288,10,21,18.258334,8.078417,7.632875,10.1135,55.75490622528868
2,field,ordinary,4096,1,21,0.317083,0.317125,0.316375,0.322416,-0.013245743228118556
2,field,ordinary,4096,4,21,0.326792,0.327625,0.323,0.370625,-0.2549022007882762
2,field,ordinary,4096,10,21,0.325292,0.329042,0.322875,0.34025,-1.152810398042381
2,field,ordinary,32768,1,21,2.428459,2.424125,2.392,2.515125,0.17846708550566248
2,field,ordinary,32768,4,21,1.410416,1.101042,1.082375,1.132334,21.93494685255981
2,field,ordinary,32768,10,21,1.565,1.242125,1.165375,1.393542,20.63099041533546
2,field,ordinary,131072,1,21,9.540709,9.571125,9.413167,10.051334,-0.3188023028477316
2,field,ordinary,131072,4,21,4.512958,3.148083,3.099083,3.265292,30.24346780980457
2,field,ordinary,131072,10,21,4.832542,3.222042,2.342458,4.014583,33.32614594968859
2,field,ordinary,524288,1,21,38.928167,38.791041,37.799583,39.53425,0.3522539347922571
2,field,ordinary,524288,4,21,17.092125,11.229875,10.7535,11.7175,34.2979588553208
2,field,ordinary,524288,10,21,14.713083,8.72125,6.820458,10.306625,40.724523881228706
2,field,skip-1,4096,1,21,0.461625,0.45875,0.4565,0.487667,0.6227998916869759
2,field,skip-1,4096,4,21,0.471417,0.471958,0.465291,0.497083,-0.11476039260358561
2,field,skip-1,4096,10,21,0.467708,0.46775,0.465167,0.495917,-0.008979961856536711
2,field,skip-1,32768,1,21,3.555334,3.527167,3.472833,3.606625,0.7922462418439413
2,field,skip-1,32768,4,21,3.240667,1.423708,1.376209,1.473667,56.06743920310233
2,field,skip-1,32768,10,21,3.523834,1.411083,1.27675,1.619708,59.95603084594791
2,field,skip-1,131072,1,21,14.538791,14.552291,14.037333,14.910083,-0.09285503863423195
2,field,skip-1,131072,4,21,11.831583,4.528791,4.454083,4.712208,61.722864979267776
2,field,skip-1,131072,10,21,12.61425,3.653666,3.001333,4.598875,71.03540836752086
2,field,skip-1,524288,1,21,58.043667,58.115625,56.946333,62.87675,-0.12397218115112185
2,field,skip-1,524288,4,21,46.849666,16.164167,16.010125,17.1535,65.49779671855079
2,field,skip-1,524288,10,21,46.527,11.899333,9.733042,14.307042,74.42488662497044
2,field,skip-2,4096,1,21,0.515375,0.510209,0.499084,0.528083,1.0023769100169777
2,field,skip-2,4096,4,21,0.517125,0.519792,0.515625,0.555958,-0.5157360406091271
2,field,skip-2,4096,10,21,0.519542,0.520792,0.511583,0.5515,-0.24059652540122656
2,field,skip-2,32768,1,21,3.88,3.881458,3.821459,3.99575,-0.03757731958762278
2,field,skip-2,32768,4,21,3.879167,1.4655,1.444375,1.5115,62.22127070064269
2,field,skip-2,32768,10,21,4.003458,1.186708,1.04025,1.408458,70.35792557334184
2,field,skip-2,131072,1,21,16.3435,16.348416,15.712917,16.759375,-0.030079236393665276
2,field,skip-2,131072,4,21,14.803833,4.884875,4.736708,7.937542,67.00263370979664
2,field,skip-2,131072,10,21,15.343333,3.737625,2.91025,4.163458,75.64007116315601
2,field,skip-2,524288,1,21,66.829125,65.686625,63.398084,72.473,1.7095839575933414
2,field,skip-2,524288,4,21,60.623125,17.5665,17.098834,20.86225,71.02343371444478
2,field,skip-2,524288,10,21,58.8175,11.152792,9.60175,13.354542,81.03831002677775
2,field,skip-3,4096,1,21,0.626917,0.625292,0.606209,0.641292,0.2592049665266716
2,field,skip-3,4096,4,21,0.625083,0.629,0.6185,0.64925,-0.6266367826352592
2,field,skip-3,4096,10,21,0.627084,0.630792,0.6195,0.648125,-0.5913083414662124
2,field,skip-3,32768,1,21,4.743791,4.758625,4.705666,4.8515,-0.3127034896773573
2,field,skip-3,32768,4,21,4.784458,1.582916,1.554208,1.617792,66.91545834449796
2,field,skip-3,32768,10,21,5.032417,1.451333,1.11425,3.374667,71.1603191865857
2,field,skip-3,131072,1,21,19.679875,19.989833,19.219791,20.584083,-1.5749998412083466
2,field,skip-3,131072,4,21,19.001417,5.567958,5.513709,5.804417,70.69714327094658
2,field,skip-3,131072,10,21,19.526,3.713959,3.33975,4.09275,80.97941718733996
2,field,skip-3,524288,1,21,78.401458,77.825292,76.992208,82.68975,0.734891945504379
2,field,skip-3,524288,4,21,76.978167,20.744792,20.560292,24.746666,73.0510704418306
2,field,skip-3,524288,10,21,76.2275,12.9735,11.404625,14.813,82.98055163818832
2,field,skip-4,4096,1,21,0.849875,0.849834,0.834041,0.880542,0.004824238858658347
2,field,skip-4,4096,4,21,0.876125,0.865083,0.848292,0.947834,1.2603224425738357
2,field,skip-4,4096,10,21,0.859375,0.870709,0.84825,0.917417,-1.3188654545454481
2,field,skip-4,32768,1,21,6.69825,6.665584,6.5265,6.889375,0.4876796178106213
2,field,skip-4,32768,4,21,6.618292,6.6165,6.580375,6.813292,0.02707647229829302
2,field,skip-4,32768,10,21,6.708958,6.683958,6.612958,6.851833,0.3726361083196572
2,field,skip-4,131072,1,21,27.503792,27.778333,26.785875,28.228917,-0.9981932673138294
2,field,skip-4,131072,4,21,26.651917,7.388833,7.263333,7.437917,72.27654205886952
2,field,skip-4,131072,10,21,27.531916,4.638625,4.121584,5.509958,83.15182641120946
2,field,skip-4,524288,1,21,107.043334,107.386709,105.576209,111.849542,-0.320781301524109
2,field,skip-4,524288,4,21,107.333209,28.373792,27.873542,31.101709,73.5647594399232
2,field,skip-4,524288,10,21,111.228041,19.732542,15.31075,37.015459,82.25938187655395
2,field,zero,4096,1,21,0.286583,0.287125,0.284042,0.301,-0.18912496554226443
2,field,zero,4096,4,21,0.299417,0.302459,0.290791,0.303875,-1.0159743768723972
2,field,zero,4096,10,21,0.29025,0.293375,0.289584,0.315208,-1.0766580534022463
2,field,zero,32768,1,21,2.207,2.163666,2.143709,2.272667,1.9634798368826423
2,field,zero,32768,4,21,1.321583,1.026875,1.010334,1.062375,22.2996209848341
2,field,zero,32768,10,21,1.476083,1.178083,1.060375,1.225375,20.188566632093185
2,field,zero,131072,1,21,8.538625,8.577458,8.48175,8.668875,-0.4547921942935851
2,field,zero,131072,4,21,4.206208,2.87725,2.78825,2.954,31.59515649249871
2,field,zero,131072,10,21,4.226875,2.898208,2.378584,3.391959,31.433789738281824
2,field,zero,524288,1,21,34.716583,34.865875,34.11375,35.820791,-0.4300308011303988
2,field,zero,524288,4,21,15.312667,9.7525,9.638958,9.891958,36.310898682770286
2,field,zero,524288,10,21,14.37425,7.911709,7.1175,9.335958,44.95915265144268
2,u128,ordinary,4096,1,21,0.74825,0.758125,0.744916,0.774417,-1.319746074173067
2,u128,ordinary,4096,4,21,0.756541,0.757958,0.753666,0.778458,-0.1872998290905592
2,u128,ordinary,4096,10,21,0.765625,0.755875,0.745834,0.79525,1.2734693877550995
2,u128,ordinary,32768,1,21,5.793709,5.797458,5.710542,5.893333,-0.06470811702832258
2,u128,ordinary,32768,4,21,3.533083,1.983458,1.963166,2.041375,43.860418790048236
2,u128,ordinary,32768,10,21,3.666958,2.030875,1.737875,2.368916,44.61690043900148
2,u128,ordinary,131072,1,21,24.023208,23.838583,23.347125,24.363708,0.7685276670792662
2,u128,ordinary,131072,4,21,13.005542,6.768958,6.659875,6.83425,47.95328022469191
2,u128,ordinary,131072,10,21,11.669708,4.592375,4.193959,4.999375,60.647044467607934
2,u128,ordinary,524288,1,21,95.385292,95.445209,94.887708,96.181708,-0.06281576409075118
2,u128,ordinary,524288,4,21,50.233333,24.955041,24.739,26.267042,50.321749504457536
2,u128,ordinary,524288,10,21,48.787208,18.351375,15.578208,21.883042,62.38486326169761
2,u128,skip-1,4096,1,21,0.574875,0.579834,0.571708,0.623084,-0.862622309197647
2,u128,skip-1,4096,4,21,0.593458,0.593083,0.589708,0.597291,0.06318897040734628
2,u128,skip-1,4096,10,21,0.591792,0.592459,0.583,0.616834,-0.11270851920945901
2,u128,skip-1,32768,1,21,4.520333,4.529708,4.381459,4.7085,-0.20739622501262378
2,u128,skip-1,32768,4,21,4.170708,1.688792,1.635459,1.812125,59.50826574289066
2,u128,skip-1,32768,10,21,4.351167,1.344,1.249959,1.518,69.11173485182252
2,u128,skip-1,131072,1,21,17.753,17.841584,17.660416,18.837833,-0.49898045400778024
2,u128,skip-1,131072,4,21,15.74125,5.59175,5.49075,5.718333,64.47709044707378
2,u128,skip-1,131072,10,21,16.22625,4.587583,3.355125,9.695542,71.72739850550805
2,u128,skip-1,524288,1,21,73.404584,73.698958,72.28775,74.687291,-0.4010294506948009
2,u128,skip-1,524288,4,21,64.811166,21.863584,20.603375,26.948208,66.26571415178675
2,u128,skip-1,524288,10,21,63.8715,14.585375,12.325375,16.782041,77.16450216450217
2,u128,skip-2,4096,1,21,0.700625,0.69925,0.695875,0.729667,0.19625334522747062
2,u128,skip-2,4096,4,21,0.721625,0.723125,0.697459,0.749458,-0.2078641953923377
2,u128,skip-2,4096,10,21,0.710417,0.712791,0.709333,0.80475,-0.3341699311812718
2,u128,skip-2,32768,1,21,5.533666,5.520875,5.423458,5.5835,0.23114875382793665
2,u128,skip-2,32768,4,21,5.459166,2.195958,2.108333,2.262166,59.77484472903004
2,u128,skip-2,32768,10,21,5.7415,1.515625,1.392833,1.626083,73.60228163371941
2,u128,skip-2,131072,1,21,22.154,22.248625,21.87175,23.168417,-0.42712376997382506
2,u128,skip-2,131072,4,21,21.516959,7.680625,7.180833,11.734375,64.30431921165068
2,u128,skip-2,131072,10,21,21.447084,4.218208,3.518209,5.381625,80.33202089384272
2,u128,skip-2,524288,1,21,91.080708,90.407292,89.209834,91.090875,0.7393618415877934
2,u128,skip-2,524288,4,21,84.972292,27.350667,26.117291,37.589709,67.81225225747707
2,u128,skip-2,524288,10,21,85.795583,16.086541,14.1735,22.740084,81.25015246997039
2,u128,skip-3,4096,1,21,0.869917,0.869375,0.864291,0.908167,0.06230479459534699
2,u128,skip-3,4096,4,21,0.898416,0.900125,0.891792,0.915375,-0.19022368257022304
2,u128,skip-3,4096,10,21,0.886417,0.89175,0.881166,0.958458,-0.6016355733249767
2,u128,skip-3,32768,1,21,6.936167,6.900791,6.755583,6.96025,0.5100223221269018
2,u128,skip-3,32768,4,21,6.966875,2.196958,2.163208,2.267042,68.4656607158877
2,u128,skip-3,32768,10,21,7.243542,1.884125,1.458167,3.332542,73.98889935338264
2,u128,skip-3,131072,1,21,27.737875,27.7245,27.257125,28.216334,0.048219266977012065
2,u128,skip-3,131072,4,21,27.529791,7.971125,7.864917,8.127875,71.04545762806553
2,u128,skip-3,131072,10,21,27.762084,5.105333,4.526209,7.942041,81.6104115238611
2,u128,skip-3,524288,1,21,113.249583,112.366833,109.926084,115.532875,0.7794730687882501
2,u128,skip-3,524288,4,21,110.312625,30.660083,29.983458,33.326625,72.20618854822827
2,u128,skip-3,524288,10,21,111.738125,18.068875,16.333875,24.738416,83.82926597345354
2,u128,skip-4,4096,1,21,1.171291,1.165333,1.163708,1.218584,0.5086694937466385
2,u128,skip-4,4096,4,21,1.217292,1.210916,1.189709,1.246083,0.5237855830811378
2,u128,skip-4,4096,10,21,1.204,1.189334,1.183041,1.212833,1.2181063122923552
2,u128,skip-4,32768,1,21,9.27825,9.285917,9.19675,9.535875,-0.08263411742515103
2,u128,skip-4,32768,4,21,9.355709,9.410792,9.306375,9.651583,-0.5887635025843663
2,u128,skip-4,32768,10,21,9.788625,9.732167,9.431917,10.069291,0.5767715077449553
2,u128,skip-4,131072,1,21,37.194666,37.069084,36.929375,37.87225,0.33763443392662573
2,u128,skip-4,131072,4,21,37.443958,10.240375,10.15525,10.385584,72.65146221988606
2,u128,skip-4,131072,10,21,39.124417,6.411208,5.679125,7.578875,83.61328170078546
2,u128,skip-4,524288,1,21,156.397292,158.177417,153.205875,174.089167,-1.138207047728157
2,u128,skip-4,524288,4,21,156.706625,42.293583,39.391625,79.088041,73.01097959323673
2,u128,skip-4,524288,10,21,155.135584,24.280084,22.339333,27.971333,84.3491200574589
2,u128,zero,4096,1,21,0.5685,0.568375,0.565042,0.59675,0.021987686895341696
2,u128,zero,4096,4,21,0.575417,0.574458,0.572417,0.585375,0.16666174270137946
2,u128,zero,4096,10,21,0.574791,0.580583,0.567417,0.644375,-1.0076706141884717
2,u128,zero,32768,1,21,4.337459,4.389,4.2725,4.485667,-1.1882763618053849
2,u128,zero,32768,4,21,3.177083,1.616542,1.585125,1.670917,49.11867269441812
2,u128,zero,32768,10,21,3.464334,1.677167,1.377834,2.041333,51.58760673768753
2,u128,zero,131072,1,21,17.406167,17.368917,17.264417,17.692083,0.2140046111243188
2,u128,zero,131072,4,21,11.518209,5.204375,5.134917,5.747708,54.81610899750127
2,u128,zero,131072,10,21,11.196166,4.3065,3.732584,4.824292,61.53594007091356
2,u128,zero,524288,1,21,71.569125,71.788416,70.673958,72.713708,-0.30640447259904224
2,u128,zero,524288,4,21,45.345792,19.277417,18.891333,20.373625,57.48796933572138
2,u128,zero,524288,10,21,43.96725,12.295916,11.468417,13.883833,72.03392070234095
2,u32,ordinary,4096,1,21,0.417333,0.411959,0.411166,0.441584,1.2877007090261294
2,u32,ordinary,4096,4,21,0.43625,0.437125,0.433333,0.439709,-0.20057306590257618
2,u32,ordinary,4096,10,21,0.443792,0.450583,0.42375,0.486542,-1.5302213649637686
2,u32,ordinary,32768,1,21,3.152167,3.175542,3.098375,3.268667,-0.7415533504411487
2,u32,ordinary,32768,4,21,1.790708,1.331833,1.278583,1.38125,25.625339251290548
2,u32,ordinary,32768,10,21,1.837542,1.302417,1.128333,1.592667,29.12178333882981
2,u32,ordinary,131072,1,21,12.571875,12.555792,12.421833,12.712583,0.12792841163310475
2,u32,ordinary,131072,4,21,5.882459,3.907,3.836041,4.078667,33.58219751297884
2,u32,ordinary,131072,10,21,5.568292,3.188875,2.602125,4.949834,42.7315413774996
2,u32,ordinary,524288,1,21,51.681167,52.190167,51.032083,52.960167,-0.9848848807922694
2,u32,ordinary,524288,4,21,21.927791,13.93125,13.875084,14.469042,36.467608615934
2,u32,ordinary,524288,10,21,20.234917,10.59075,8.476958,12.62375,47.66101585689726
2,u32,skip-1,4096,1,21,0.373083,0.379209,0.371583,0.4025,-1.6419938726771166
2,u32,skip-1,4096,4,21,0.389916,0.385292,0.382417,0.395,1.1858964494916857
2,u32,skip-1,4096,10,21,0.398791,0.389584,0.380417,0.440959,2.3087281307752727
2,u32,skip-1,32768,1,21,2.89425,2.887041,2.767583,3.071167,0.2490800725576614
2,u32,skip-1,32768,4,21,2.533375,1.265583,1.241042,1.291167,50.043597967138695
2,u32,skip-1,32768,10,21,2.617,1.275,1.044709,1.543375,51.28009170806267
2,u32,skip-1,131072,1,21,11.173,11.170708,11.073791,11.288625,0.02051373847667959
2,u32,skip-1,131072,4,21,8.934334,3.742959,3.657584,3.92725,58.10589798859098
2,u32,skip-1,131072,10,21,9.133333,2.892916,2.597584,3.399,68.32573607028235
2,u32,skip-1,524288,1,21,46.30575,46.549666,45.26925,47.038625,-0.5267509974463236
2,u32,skip-1,524288,4,21,35.004209,13.500125,13.168042,14.420791,61.43285226070956
2,u32,skip-1,524288,10,21,33.167334,7.847666,7.459667,9.597083,76.33917154752324
2,u32,skip-2,4096,1,21,0.38375,0.383125,0.38225,0.423959,0.16286644951140072
2,u32,skip-2,4096,4,21,0.406709,0.406209,0.396166,0.409291,0.12293802202557602
2,u32,skip-2,4096,10,21,0.411541,0.415916,0.39,0.4545,-1.0630775548487348
2,u32,skip-2,32768,1,21,3.004,3.030375,2.936417,3.182,-0.8779960053262315
2,u32,skip-2,32768,4,21,2.925458,1.312334,1.263625,1.34425,55.14090443274181
2,u32,skip-2,32768,10,21,2.991291,1.165083,0.980625,1.30325,61.05083056111893
2,u32,skip-2,131072,1,21,11.69625,11.696958,11.518041,12.30025,-0.006053222186608309
2,u32,skip-2,131072,4,21,10.785584,3.7675,3.65225,3.975625,65.06911447725037
2,u32,skip-2,131072,10,21,10.815833,2.573875,2.371042,2.996625,76.20271133994025
2,u32,skip-2,524288,1,21,48.19725,47.587667,46.611,49.278875,1.2647671807001437
2,u32,skip-2,524288,4,21,41.858625,13.31875,12.981917,16.531375,68.18158742672507
2,u32,skip-2,524288,10,21,43.057375,9.321167,8.47825,12.060917,78.35175274851288
2,u32,skip-3,4096,1,21,0.450125,0.453666,0.441541,0.4995,-0.7866703693418575
2,u32,skip-3,4096,4,21,0.469375,0.469625,0.455625,0.472084,-0.05326231691078487
2,u32,skip-3,4096,10,21,0.481333,0.476458,0.459,0.507,1.0128123357426189
2,u32,skip-3,32768,1,21,3.445541,3.44225,3.370417,3.529167,0.09551475370631612
2,u32,skip-3,32768,4,21,3.417083,1.25375,1.222791,1.317125,63.30934893884638
2,u32,skip-3,32768,10,21,3.541958,1.213458,1.035209,1.453167,65.74047461884076
2,u32,skip-3,131072,1,21,13.644334,13.632375,13.472541,13.925,0.0876481036011012
2,u32,skip-3,131072,4,21,13.410333,4.186959,4.129667,4.316542,68.77811311620674
2,u32,skip-3,131072,10,21,13.677,2.74425,2.46475,3.550375,79.93529282737443
2,u32,skip-3,524288,1,21,56.562917,55.419916,54.375583,57.567959,2.020760350814299
2,u32,skip-3,524288,4,21,52.957834,15.49075,15.284041,18.756084,70.74889807615621
2,u32,skip-3,524288,10,21,56.396625,11.733458,8.759708,14.273625,79.19475145897472
2,u32,skip-4,4096,1,21,0.590708,0.597125,0.579291,0.64425,-1.0863235304075847
2,u32,skip-4,4096,4,21,0.602292,0.601917,0.596417,0.619083,0.06226215855432704
2,u32,skip-4,4096,10,21,0.601125,0.601458,0.589375,0.648083,-0.055396132252027996
2,u32,skip-4,32768,1,21,4.491583,4.53625,4.433,4.600333,-0.9944600823362348
2,u32,skip-4,32768,4,21,4.584666,4.580875,4.5195,4.715625,0.08268868441015931
2,u32,skip-4,32768,10,21,4.714292,4.74275,4.527541,4.95875,-0.6036537405828879
2,u32,skip-4,131072,1,21,18.8245,18.780791,18.175125,19.103916,0.23219209009535113
2,u32,skip-4,131072,4,21,18.08175,5.199667,5.152625,5.287542,71.24356326129937
2,u32,skip-4,131072,10,21,19.016375,3.592459,3.257167,4.615417,81.10860245446358
2,u32,skip-4,524288,1,21,74.749,74.664958,74.219084,75.506584,0.11243227334144512
2,u32,skip-4,524288,4,21,72.89275,20.091917,19.405709,21.338875,72.43633008769734
2,u32,skip-4,524288,10,21,74.191917,12.563,10.959583,19.182333,83.0668885398931
2,u32,zero,4096,1,21,0.361167,0.361125,0.360625,0.368667,0.01162896942411562
2,u32,zero,4096,4,21,0.383209,0.383417,0.375125,0.384917,-0.054278474670477195
2,u32,zero,4096,10,21,0.373,0.390417,0.368125,0.413541,-4.669436997319032
2,u32,zero,32768,1,21,2.78075,2.734459,2.708625,2.826916,1.6646947765890485
2,u32,zero,32768,4,21,1.680792,1.208541,1.182833,1.239833,28.096932874502023
2,u32,zero,32768,10,21,1.768958,1.303125,1.222166,1.413292,26.333751281828054
2,u32,zero,131072,1,21,10.938292,10.908625,10.87225,11.074917,0.2712215033206289
2,u32,zero,131072,4,21,5.469334,3.545042,3.447834,3.619292,35.183296540310025
2,u32,zero,131072,10,21,4.844417,2.7475,2.441959,3.508458,43.285229161734016
2,u32,zero,524288,1,21,45.363084,44.765083,44.413709,46.245541,1.3182547288892454
2,u32,zero,524288,4,21,20.210167,12.40275,12.2805,13.180917,38.631135507192994
2,u32,zero,524288,10,21,18.348458,9.28725,8.261084,12.677417,49.384029982247014
2,u64,ordinary,4096,1,21,0.4595,0.46125,0.435041,0.46825,-0.3808487486398171
2,u64,ordinary,4096,4,21,0.443875,0.440791,0.436292,0.452791,0.6947901999436734
2,u64,ordinary,4096,10,21,0.435042,0.435333,0.434667,0.439833,-0.06689009337028651
2,u64,ordinary,32768,1,21,3.282375,3.270417,3.234625,3.421792,0.36430937964126997
2,u64,ordinary,32768,4,21,1.876042,1.326833,1.309708,1.375417,29.274877641332118
2,u64,ordinary,32768,10,21,2.046292,1.494958,1.236833,1.699709,26.943075572792154
2,u64,ordinary,131072,1,21,13.463292,13.671209,13.182417,13.884083,-1.5443251175121242
2,u64,ordinary,131072,4,21,6.201542,4.029792,3.97375,4.217583,35.01951611389554
2,u64,ordinary,131072,10,21,6.051958,3.685083,2.757834,4.365166,39.109243653045844
2,u64,ordinary,524288,1,21,53.765125,54.159167,52.963958,55.242625,-0.7328951620590551
2,u64,ordinary,524288,4,21,23.985625,14.875417,14.664708,16.834416,37.9819496052323
2,u64,ordinary,524288,10,21,21.82375,11.47025,9.732541,13.47875,47.44143421730912
2,u64,skip-1,4096,1,21,0.409625,0.409875,0.391167,0.435125,-0.06103143118705301
2,u64,skip-1,4096,4,21,0.404125,0.404209,0.387583,0.405,-0.02078564800493954
2,u64,skip-1,4096,10,21,0.388917,0.390584,0.387042,0.41725,-0.42862615930905346
2,u64,skip-1,32768,1,21,2.875125,2.905791,2.842875,3.013625,-1.066597104473721
2,u64,skip-1,32768,4,21,2.575583,1.237292,1.20575,1.262167,51.96070171297139
2,u64,skip-1,32768,10,21,2.904,1.407667,1.116666,1.531125,51.52661845730028
2,u64,skip-1,131072,1,21,11.877875,11.918541,11.565666,12.206875,-0.3423676373088602
2,u64,skip-1,131072,4,21,9.228541,3.730625,3.659417,3.774041,59.575137608425855
2,u64,skip-1,131072,10,21,9.470083,3.016417,2.712583,3.839375,68.14793492306245
2,u64,skip-1,524288,1,21,47.448791,47.298791,46.255417,48.334542,0.31613028875698834
2,u64,skip-1,524288,4,21,36.366375,13.306833,13.0775,13.770333,63.40896501232252
2,u64,skip-1,524288,10,21,36.499125,9.571958,8.345375,11.988042,73.77482884863677
2,u64,skip-2,4096,1,21,0.433791,0.432833,0.414208,0.469625,0.2208436781768186
2,u64,skip-2,4096,4,21,0.420917,0.422375,0.417959,0.428959,-0.3463865797770138
2,u64,skip-2,4096,10,21,0.415417,0.41675,0.414667,0.4615,-0.3208823904654823
2,u64,skip-2,32768,1,21,3.171084,3.109875,3.070417,3.184625,1.9302232296590116
2,u64,skip-2,32768,4,21,3.109042,1.304166,1.23425,1.389375,58.05248047469285
2,u64,skip-2,32768,10,21,3.291042,1.064875,1.0075,1.23025,67.64322667410504
2,u64,skip-2,131072,1,21,12.967292,13.064584,12.6435,13.339958,-0.7502877239133676
2,u64,skip-2,131072,4,21,11.513125,3.922666,3.868167,4.063375,65.92874653927583
2,u64,skip-2,131072,10,21,11.688042,2.660958,2.422292,2.970042,77.23350070097284
2,u64,skip-2,524288,1,21,50.018709,49.864,49.706625,51.295084,0.30930226527837723
2,u64,skip-2,524288,4,21,45.158,14.567791,14.250916,15.464292,67.74039815758005
2,u64,skip-2,524288,10,21,45.267333,8.965958,7.877042,11.259458,80.19331512196666
2,u64,skip-3,4096,1,21,0.519417,0.519417,0.496834,0.570458,0.0
2,u64,skip-3,4096,4,21,0.497542,0.500708,0.497125,0.506166,-0.6363281893789763
2,u64,skip-3,4096,10,21,0.491458,0.491584,0.490875,0.518667,-0.025637999584904314
2,u64,skip-3,32768,1,21,3.824541,3.761,3.682167,4.077125,1.6614019826169946
2,u64,skip-3,32768,4,21,3.751,1.293,1.261292,1.354292,65.52919221540922
2,u64,skip-3,32768,10,21,3.863417,1.056291,0.921333,1.676167,72.65915121251471
2,u64,skip-3,131072,1,21,15.542958,15.5055,15.113333,15.916875,0.24099659794486472
2,u64,skip-3,131072,4,21,14.690875,4.495083,4.416583,4.654125,69.40221055587227
2,u64,skip-3,131072,10,21,14.983042,2.990334,2.537208,3.141708,80.0418766763118
2,u64,skip-3,524288,1,21,61.823875,61.941209,59.752291,62.822292,-0.1897875214065703
2,u64,skip-3,524288,4,21,58.056333,16.700875,16.477958,17.559041,71.23332780938817
2,u64,skip-3,524288,10,21,58.718417,10.298041,9.11575,11.906791,82.4619914395853
2,u64,skip-4,4096,1,21,0.669375,0.668459,0.661958,0.691583,0.1368440709617169
2,u64,skip-4,4096,4,21,0.676166,0.675375,0.669542,0.691792,0.11698310769840958
2,u64,skip-4,4096,10,21,0.662958,0.667208,0.662334,0.690583,-0.6410662515574206
2,u64,skip-4,32768,1,21,5.154875,5.182,5.079834,5.44325,-0.5262009263076184
2,u64,skip-4,32768,4,21,5.103084,5.106208,5.093083,5.169209,-0.06121788314674692
2,u64,skip-4,32768,10,21,5.289416,5.329208,5.154209,5.479083,-0.7522947712942152
2,u64,skip-4,131072,1,21,21.053584,21.348459,20.440291,21.606667,-1.4005928871777762
2,u64,skip-4,131072,4,21,20.460083,5.776833,5.6875,5.966958,71.76534914350054
2,u64,skip-4,131072,10,21,20.871375,3.666791,3.227625,3.826542,82.43148331147326
2,u64,skip-4,524288,1,21,81.673125,81.816834,81.186917,86.818666,-0.1759562891710198
2,u64,skip-4,524288,4,21,81.942167,22.008042,21.754542,23.352416,73.14198195417507
2,u64,skip-4,524288,10,21,83.825583,14.425792,12.490958,15.141125,82.7907048376866
2,u64,zero,4096,1,21,0.401417,0.394667,0.377542,0.423917,1.6815431334497588
2,u64,zero,4096,4,21,0.382583,0.384833,0.382583,0.394,-0.5881076785952288
2,u64,zero,4096,10,21,0.384625,0.382875,0.3765,0.392,0.45498862528436934
2,u64,zero,32768,1,21,2.855125,2.860667,2.789542,2.953875,-0.1941070881309903
2,u64,zero,32768,4,21,1.717333,1.206167,1.1905,1.230125,29.765106709065748
2,u64,zero,32768,10,21,2.034042,1.374458,1.155959,1.648125,32.4272556810528
2,u64,zero,131072,1,21,11.717792,11.808583,11.409,11.994375,-0.7748132071297986
2,u64,zero,131072,4,21,5.751584,3.583375,3.536,3.692083,37.69759774003126
2,u64,zero,131072,10,21,5.923875,3.511875,2.972791,4.028,40.716591757928725
2,u64,zero,524288,1,21,46.442541,46.330417,45.498333,47.5805,0.24142520539519596
2,u64,zero,524288,4,21,22.118167,13.007666,12.804083,14.459916,41.19012665018761
2,u64,zero,524288,10,21,21.381792,10.777125,8.816125,17.257666,49.59671761842974
