pass,order,protocol,skip_vars,exponent,multiplications,row_vars,column_vars,integer_witness_values,parallel,rayon_threads,prove_ms,outer_total_ms,skip_message_ms,reconstruct_prove_ms,prefix_fold_ms,cubic_tail_ms,matrix_bind_ms,inner_sumcheck_ms,verify_ms,reconstruct_verify_ms,outer_proof_fields,proof_fields,outer_proof_field_bytes,proof_field_bytes,repetitions,warmups,shape_seed,verified_samples,session,implementation
latency,1,standard,0,15,32768,15,17,131072,true,10,3.193708000,0.971208000,NA,NA,NA,NA,0.273875000,1.880041000,0.077333000,NA,63,114,1008,1824,21,1,0x107313b300314548,21,1,baseline
latency,1,skip-k1,1,15,32768,15,17,131072,true,10,3.123625000,1.033417000,0.132417000,0.002125000,0.204000000,0.643667000,0.164583000,1.906250000,0.082333000,0.000750000,60,111,960,1776,21,1,0x107313b300314548,21,1,baseline
latency,1,skip-k2,2,15,32768,15,17,131072,true,10,3.152084000,0.853250000,0.148583000,0.005417000,0.152584000,0.460083000,0.142667000,1.946125000,0.082042000,0.004041000,58,109,928,1744,21,1,0x107313b300314548,21,1,baseline
latency,1,skip-k3,3,15,32768,15,17,131072,true,10,2.714750000,0.602667000,0.168125000,0.007167000,0.142500000,0.262916000,0.132583000,1.914583000,0.082833000,0.005375000,58,109,928,1744,21,1,0x107313b300314548,21,1,baseline
latency,1,skip-k4,4,15,32768,15,17,131072,true,10,3.191291000,0.994375000,0.636333000,0.011666000,0.193834000,0.145708000,0.176708000,1.881917000,0.087250000,0.011166000,62,113,992,1808,21,1,0x107313b300314548,21,1,baseline
latency,1,standard,0,17,131072,17,19,524288,true,10,6.393459000,1.873541000,NA,NA,NA,NA,0.570542000,3.810625000,0.090583000,NA,71,128,1136,2048,21,1,0xd49c273c069e3d16,21,1,baseline
latency,1,skip-k1,1,17,131072,17,19,524288,true,10,6.125791000,1.902416000,0.173375000,0.002167000,0.527958000,1.149291000,0.326834000,3.723292000,0.093667000,0.000875000,68,125,1088,2000,21,1,0xd49c273c069e3d16,21,1,baseline
latency,1,skip-k2,2,17,131072,17,19,524288,true,10,5.626125000,1.393083000,0.199166000,0.005500000,0.333042000,0.822500000,0.269042000,3.748833000,0.095000000,0.004334000,66,123,1056,1968,21,1,0xd49c273c069e3d16,21,1,baseline
latency,1,skip-k3,3,17,131072,17,19,524288,true,10,5.482792000,1.194250000,0.297583000,0.007291000,0.262959000,0.601875000,0.249042000,3.920083000,0.095125000,0.005750000,66,123,1056,1968,21,1,0xd49c273c069e3d16,21,1,baseline
latency,1,skip-k4,4,17,131072,17,19,524288,true,10,5.619584000,1.217208000,0.481791000,0.012833000,0.218208000,0.451750000,0.235708000,3.824250000,0.098958000,0.011458000,70,127,1120,2032,21,1,0xd49c273c069e3d16,21,1,baseline
latency,1,standard,0,19,524288,19,21,2097152,true,10,17.149625000,4.848000000,NA,NA,NA,NA,1.332250000,9.536375000,0.102417000,NA,79,142,1264,2272,21,1,0xeb2d3aa907eb35fc,21,1,baseline
latency,1,skip-k1,1,19,524288,19,21,2097152,true,10,17.343167000,5.020542000,0.290083000,0.002500000,1.689459000,2.950542000,0.943333000,10.521750000,0.107250000,0.001208000,76,139,1216,2224,21,1,0xeb2d3aa907eb35fc,21,1,baseline
latency,1,skip-k2,2,19,524288,19,21,2097152,true,10,14.405166000,3.530959000,0.516125000,0.006292000,1.069333000,1.869500000,0.720416000,9.256000000,0.108208000,0.004958000,74,137,1184,2192,21,1,0xeb2d3aa907eb35fc,21,1,baseline
latency,1,skip-k3,3,19,524288,19,21,2097152,true,10,14.604666000,2.934750000,0.807333000,0.007834000,0.731417000,1.197250000,0.649459000,9.208958000,0.107500000,0.006292000,74,137,1184,2192,21,1,0xeb2d3aa907eb35fc,21,1,baseline
latency,1,skip-k4,4,19,524288,19,21,2097152,true,10,13.737542000,3.070084000,1.467792000,0.013667000,0.542042000,0.900625000,0.553459000,9.315916000,0.113583000,0.012209000,78,141,1248,2256,21,1,0xeb2d3aa907eb35fc,21,1,baseline
latency,1,standard,0,15,32768,15,17,131072,true,10,3.223750000,0.881250000,NA,NA,NA,NA,0.250959000,1.939458000,0.076541000,NA,63,114,1008,1824,21,1,0x107313b300314548,21,1,final
latency,1,skip-k1,1,15,32768,15,17,131072,true,10,3.325000000,1.076667000,0.186083000,0.002125000,0.223708000,0.647583000,0.174416000,1.938708000,0.080750000,0.000750000,60,111,960,1776,21,1,0x107313b300314548,21,1,final
latency,1,skip-k2,2,15,32768,15,17,131072,true,10,2.935541000,0.819708000,0.153125000,0.005459000,0.164167000,0.458000000,0.155000000,1.885042000,0.081625000,0.003958000,58,109,928,1744,21,1,0x107313b300314548,21,1,final
latency,1,skip-k3,3,15,32768,15,17,131072,true,10,2.849125000,0.613583000,0.175208000,0.007250000,0.138750000,0.266250000,0.149750000,1.936500000,0.081333000,0.005416000,58,109,928,1744,21,1,0x107313b300314548,21,1,final
latency,1,skip-k4,4,15,32768,15,17,131072,true,10,3.226000000,0.997750000,0.637916000,0.011584000,0.193750000,0.147542000,0.173459000,1.914125000,0.087083000,0.011125000,62,113,992,1808,21,1,0x107313b300314548,21,1,final
latency,1,standard,0,17,131072,17,19,524288,true,10,6.646916000,1.923750000,NA,NA,NA,NA,0.598708000,3.883042000,0.087875000,NA,71,128,1136,2048,21,1,0xd49c273c069e3d16,21,1,final
latency,1,skip-k1,1,17,131072,17,19,524288,true,10,6.294958000,1.978459000,0.162167000,0.002125000,0.563000000,1.181583000,0.328833000,3.875917000,0.094041000,0.000917000,68,125,1088,2000,21,1,0xd49c273c069e3d16,21,1,final
latency,1,skip-k2,2,17,131072,17,19,524288,true,10,5.705667000,1.506083000,0.198667000,0.005458000,0.359333000,0.843250000,0.269667000,3.854917000,0.092208000,0.004333000,66,123,1056,1968,21,1,0xd49c273c069e3d16,21,1,final
latency,1,skip-k3,3,17,131072,17,19,524288,true,10,5.721917000,1.209667000,0.281209000,0.007291000,0.274333000,0.604917000,0.243625000,3.924291000,0.092625000,0.006042000,66,123,1056,1968,21,1,0xd49c273c069e3d16,21,1,final
latency,1,skip-k4,4,17,131072,17,19,524288,true,10,5.640667000,1.237542000,0.457958000,0.012833000,0.239416000,0.460333000,0.240375000,3.934125000,0.097834000,0.011458000,70,127,1120,2032,21,1,0xd49c273c069e3d16,21,1,final
latency,1,standard,0,19,524288,19,21,2097152,true,10,15.470000000,4.785958000,NA,NA,NA,NA,1.143667000,9.031458000,0.099417000,NA,79,142,1264,2272,21,1,0xeb2d3aa907eb35fc,21,1,final
latency,1,skip-k1,1,19,524288,19,21,2097152,true,10,15.242375000,4.959792000,0.335916000,0.002416000,1.788625000,2.911792000,0.938083000,8.884125000,0.104916000,0.001250000,76,139,1216,2224,21,1,0xeb2d3aa907eb35fc,21,1,final
latency,1,skip-k2,2,19,524288,19,21,2097152,true,10,13.600333000,3.432750000,0.455167000,0.006125000,1.062541000,1.814500000,0.707959000,8.945667000,0.107084000,0.004834000,74,137,1184,2192,21,1,0xeb2d3aa907eb35fc,21,1,final
latency,1,skip-k3,3,19,524288,19,21,2097152,true,10,12.888666000,2.839583000,0.776000000,0.007917000,0.749708000,1.206792000,0.608916000,8.835542000,0.106459000,0.006542000,74,137,1184,2192,21,1,0xeb2d3aa907eb35fc,21,1,final
latency,1,skip-k4,4,19,524288,19,21,2097152,true,10,12.819959000,2.839542000,1.414166000,0.013500000,0.538667000,0.852958000,0.565125000,8.878833000,0.111666000,0.012125000,78,141,1248,2256,21,1,0xeb2d3aa907eb35fc,21,1,final
latency,1,standard,0,15,32768,15,17,131072,true,10,3.215708000,0.973583000,NA,NA,NA,NA,0.254250000,1.837250000,0.079666000,NA,63,114,1008,1824,21,1,0x107313b300314548,21,2,baseline
latency,1,skip-k1,1,15,32768,15,17,131072,true,10,3.162583000,1.062250000,0.145125000,0.002333000,0.217292000,0.638167000,0.175834000,1.911958000,0.083333000,0.000792000,60,111,960,1776,21,1,0x107313b300314548,21,2,baseline
latency,1,skip-k2,2,15,32768,15,17,131072,true,10,2.992583000,0.807667000,0.150542000,0.005584000,0.166375000,0.463917000,0.178084000,1.947291000,0.083625000,0.004125000,58,109,928,1744,21,1,0x107313b300314548,21,2,baseline
latency,1,skip-k3,3,15,32768,15,17,131072,true,10,2.694958000,0.611834000,0.178542000,0.007500000,0.136458000,0.269958000,0.161458000,1.866500000,0.083458000,0.005584000,58,109,928,1744,21,1,0x107313b300314548,21,2,baseline
latency,1,skip-k4,4,15,32768,15,17,131072,true,10,3.147000000,1.016041000,0.645959000,0.011792000,0.198041000,0.147916000,0.179125000,1.901167000,0.087167000,0.011125000,62,113,992,1808,21,1,0x107313b300314548,21,2,baseline
latency,1,standard,0,17,131072,17,19,524288,true,10,6.356250000,1.955084000,NA,NA,NA,NA,0.586958000,3.719708000,0.089917000,NA,71,128,1136,2048,21,1,0xd49c273c069e3d16,21,2,baseline
latency,1,skip-k1,1,17,131072,17,19,524288,true,10,6.347750000,1.919000000,0.162833000,0.002416000,0.555541000,1.171667000,0.335416000,3.875750000,0.094209000,0.001000000,68,125,1088,2000,21,1,0xd49c273c069e3d16,21,2,baseline
latency,1,skip-k2,2,17,131072,17,19,524288,true,10,5.802042000,1.473333000,0.225750000,0.005667000,0.367500000,0.887125000,0.276416000,3.833833000,0.095541000,0.004500000,66,123,1056,1968,21,1,0xd49c273c069e3d16,21,2,baseline
latency,1,skip-k3,3,17,131072,17,19,524288,true,10,5.664792000,1.231708000,0.287875000,0.007375000,0.267208000,0.611750000,0.256750000,3.900959000,0.095375000,0.005917000,66,123,1056,1968,21,1,0xd49c273c069e3d16,21,2,baseline
latency,1,skip-k4,4,17,131072,17,19,524288,true,10,5.519708000,1.149333000,0.449959000,0.013166000,0.219625000,0.469792000,0.241209000,3.848416000,0.097750000,0.011583000,70,127,1120,2032,21,1,0xd49c273c069e3d16,21,2,baseline
latency,1,standard,0,19,524288,19,21,2097152,true,10,15.835375000,4.907833000,NA,NA,NA,NA,1.225000000,9.043917000,0.099917000,NA,79,142,1264,2272,21,1,0xeb2d3aa907eb35fc,21,2,baseline
latency,1,skip-k1,1,19,524288,19,21,2097152,true,10,15.213917000,4.977125000,0.313709000,0.002459000,1.667791000,2.959375000,0.909375000,8.846875000,0.105791000,0.001167000,76,139,1216,2224,21,1,0xeb2d3aa907eb35fc,21,2,baseline
latency,1,skip-k2,2,19,524288,19,21,2097152,true,10,13.590834000,3.476750000,0.493417000,0.006375000,1.110625000,1.814541000,0.699917000,9.105834000,0.107333000,0.004834000,74,137,1184,2192,21,1,0xeb2d3aa907eb35fc,21,2,baseline
latency,1,skip-k3,3,19,524288,19,21,2097152,true,10,12.708416000,2.819541000,0.787709000,0.008209000,0.731833000,1.203625000,0.610875000,8.923084000,0.108375000,0.006459000,74,137,1184,2192,21,1,0xeb2d3aa907eb35fc,21,2,baseline
latency,1,skip-k4,4,19,524288,19,21,2097152,true,10,12.848625000,2.948333000,1.415333000,0.013792000,0.606875000,0.875750000,0.582709000,8.931125000,0.112333000,0.012125000,78,141,1248,2256,21,1,0xeb2d3aa907eb35fc,21,2,baseline
latency,1,standard,0,15,32768,15,17,131072,true,10,3.302625000,1.020250000,NA,NA,NA,NA,0.353958000,1.932708000,0.077333000,NA,63,114,1008,1824,21,1,0x107313b300314548,21,2,final
latency,1,skip-k1,1,15,32768,15,17,131072,true,10,3.294208000,1.023166000,0.128792000,0.002417000,0.238333000,0.651250000,0.184208000,1.907250000,0.080625000,0.000750000,60,111,960,1776,21,1,0x107313b300314548,21,2,final
latency,1,skip-k2,2,15,32768,15,17,131072,true,10,3.072291000,0.837083000,0.153458000,0.005666000,0.196333000,0.465125000,0.167083000,2.047917000,0.081667000,0.004000000,58,109,928,1744,21,1,0x107313b300314548,21,2,final
latency,1,skip-k3,3,15,32768,15,17,131072,true,10,2.735667000,0.627125000,0.169583000,0.007334000,0.151291000,0.267417000,0.164166000,1.939167000,0.082542000,0.005500000,58,109,928,1744,21,1,0x107313b300314548,21,2,final
latency,1,skip-k4,4,15,32768,15,17,131072,true,10,3.157500000,1.010208000,0.646291000,0.011708000,0.196375000,0.149125000,0.193750000,1.976833000,0.086834000,0.011333000,62,113,992,1808,21,1,0x107313b300314548,21,2,final
latency,1,standard,0,17,131072,17,19,524288,true,10,6.483291000,1.931250000,NA,NA,NA,NA,0.559250000,3.802708000,0.086167000,NA,71,128,1136,2048,21,1,0xd49c273c069e3d16,21,2,final
latency,1,skip-k1,1,17,131072,17,19,524288,true,10,6.133291000,1.878833000,0.157041000,0.002208000,0.534916000,1.126084000,0.325625000,3.746834000,0.091792000,0.000833000,68,125,1088,2000,21,1,0xd49c273c069e3d16,21,2,final
latency,1,skip-k2,2,17,131072,17,19,524288,true,10,5.659667000,1.376042000,0.196792000,0.005583000,0.360417000,0.843000000,0.280083000,3.871167000,0.091417000,0.004375000,66,123,1056,1968,21,1,0xd49c273c069e3d16,21,2,final
latency,1,skip-k3,3,17,131072,17,19,524288,true,10,5.701667000,1.300875000,0.310125000,0.007250000,0.287375000,0.625166000,0.260709000,3.980042000,0.091959000,0.005708000,66,123,1056,1968,21,1,0xd49c273c069e3d16,21,2,final
latency,1,skip-k4,4,17,131072,17,19,524288,true,10,5.680459000,1.195458000,0.464542000,0.012959000,0.223917000,0.456792000,0.239833000,3.913041000,0.096334000,0.011500000,70,127,1120,2032,21,1,0xd49c273c069e3d16,21,2,final
latency,1,standard,0,19,524288,19,21,2097152,true,10,15.874666000,4.933541000,NA,NA,NA,NA,1.233166000,9.197333000,0.097167000,NA,79,142,1264,2272,21,1,0xeb2d3aa907eb35fc,21,2,final
latency,1,skip-k1,1,19,524288,19,21,2097152,true,10,16.567583000,5.318334000,0.302333000,0.002542000,1.771042000,3.162125000,1.014750000,9.471375000,0.104208000,0.001083000,76,139,1216,2224,21,1,0xeb2d3aa907eb35fc,21,2,final
latency,1,skip-k2,2,19,524288,19,21,2097152,true,10,14.127291000,3.566250000,0.510375000,0.006458000,1.132042000,1.895375000,0.752125000,9.208875000,0.106333000,0.004833000,74,137,1184,2192,21,1,0xeb2d3aa907eb35fc,21,2,final
latency,1,skip-k3,3,19,524288,19,21,2097152,true,10,12.902083000,3.059917000,0.812958000,0.008083000,0.783791000,1.350917000,0.640750000,9.250959000,0.106250000,0.006334000,74,137,1184,2192,21,1,0xeb2d3aa907eb35fc,21,2,final
latency,1,skip-k4,4,19,524288,19,21,2097152,true,10,13.543750000,3.104791000,1.470000000,0.013792000,0.567959000,0.926000000,0.565000000,9.230333000,0.109000000,0.012208000,78,141,1248,2256,21,1,0xeb2d3aa907eb35fc,21,2,final
