benchmark_algorithm,benchmark_date,run_timestamp_utc,commit,git_dirty,binary_sha256,memory_binary_sha256,hardware,operating_system,cargo_profile,cargo_features,threads,measured_runs,warmup_runs,field_modulus,ligerito_hash,ligerito_inverse_rate,ligerito_initial_k,allocator_instrumentation,root_seed,pass,order,protocol,skip_vars,strategy,reduction_backend,word_bits,f2z_t,f2z_s,f2z_chunks,exponent,multiplications,sample,prove_ms,spartan_prove_ms,spartan_outer_ms,spartan_bind_ms,spartan_inner_ms,bitify_prove_ms,f2z_prove_ms,f2z_prepare_prove_ms,verify_ms,spartan_verify_ms,bitify_verify_ms,f2z_verify_ms,f2z_prepare_verify_ms,verified,r1cs_rows,multiplications_per_row,r1cs_columns,r1cs_nnz,integer_witness_values,compact_witness_bits,compact_witness_bytes,spartan_proof_payload_bytes,f2z_proof_bytes,shape_seed,peak_heap_mib,live_before_prove_mib,memory_order
u32 x u32 -> u64 Spartan PIOP + F2Z,2026-08-28,2026-08-28T06:11:09Z,953825e0612cd78c28bbef47d25176f95a326d8e,true,7b89576a7a0477e51a7004b072444e810a982fd08f9950b9a8e68b00d18c25f0,4d857f49d8deaea513593cc4f9d75e52a2f16aab14a3162260602806e7a64366,Apple M1 Max,Darwin 25.5.0 arm64,bench,unchecked,10,5,1,2^100-15,SHA-256,1/2,4,absent_in_latency_binary;shared_atomic_peak_allocator_in_memory_binary,0x5533326d756c0064,latency,1,skip-k3,3,delayed-barrett,barrett,1,15,7,1,15,32768,0,41.958792000,4.576625000,0.905292000,1.145041000,2.488167000,0.006250000,37.282834000,0.084458000,6.791667000,2.841792000,0.006667000,3.882834000,0.083292000,true,32768,1,131072,98304,131072,4194304,524288,1744,117560,0x107313b30031455f,29.504528,8.493244,1
u32 x u32 -> u64 Spartan PIOP + F2Z,2026-08-28,2026-08-28T06:11:09Z,953825e0612cd78c28bbef47d25176f95a326d8e,true,7b89576a7a0477e51a7004b072444e810a982fd08f9950b9a8e68b00d18c25f0,4d857f49d8deaea513593cc4f9d75e52a2f16aab14a3162260602806e7a64366,Apple M1 Max,Darwin 25.5.0 arm64,bench,unchecked,10,5,1,2^100-15,SHA-256,1/2,4,absent_in_latency_binary;shared_atomic_peak_allocator_in_memory_binary,0x5533326d756c0064,latency,1,skip-k3,3,delayed-barrett,barrett,1,15,7,1,15,32768,1,39.819458000,4.503417000,0.892583000,1.169500000,2.401459000,0.005916000,35.192750000,0.100042000,7.223000000,3.008500000,0.006541000,4.142500000,0.083208000,true,32768,1,131072,98304,131072,4194304,524288,1744,117560,0x107313b30031455f,29.504528,8.493244,1
u32 x u32 -> u64 Spartan PIOP + F2Z,2026-08-28,2026-08-28T06:11:09Z,953825e0612cd78c28bbef47d25176f95a326d8e,true,7b89576a7a0477e51a7004b072444e810a982fd08f9950b9a8e68b00d18c25f0,4d857f49d8deaea513593cc4f9d75e52a2f16aab14a3162260602806e7a64366,Apple M1 Max,Darwin 25.5.0 arm64,bench,unchecked,10,5,1,2^100-15,SHA-256,1/2,4,absent_in_latency_binary;shared_atomic_peak_allocator_in_memory_binary,0x5533326d756c0064,latency,1,skip-k3,3,delayed-barrett,barrett,1,15,7,1,15,32768,2,41.293583000,4.367917000,0.819583000,1.101292000,2.407833000,0.006083000,36.783208000,0.085750000,7.418250000,2.832292000,0.005417000,4.519917000,0.082667000,true,32768,1,131072,98304,131072,4194304,524288,1744,117560,0x107313b30031455f,29.504528,8.493244,1
u32 x u32 -> u64 Spartan PIOP + F2Z,2026-08-28,2026-08-28T06:11:09Z,953825e0612cd78c28bbef47d25176f95a326d8e,true,7b89576a7a0477e51a7004b072444e810a982fd08f9950b9a8e68b00d18c25f0,4d857f49d8deaea513593cc4f9d75e52a2f16aab14a3162260602806e7a64366,Apple M1 Max,Darwin 25.5.0 arm64,bench,unchecked,10,5,1,2^100-15,SHA-256,1/2,4,absent_in_latency_binary;shared_atomic_peak_allocator_in_memory_binary,0x5533326d756c0064,latency,1,skip-k3,3,delayed-barrett,barrett,1,15,7,1,15,32768,3,41.482375000,4.223875000,0.789250000,1.107542000,2.290917000,0.005292000,37.148333000,0.081333000,7.094833000,2.820000000,0.006750000,4.208708000,0.090958000,true,32768,1,131072,98304,131072,4194304,524288,1744,117560,0x107313b30031455f,29.504528,8.493244,1
u32 x u32 -> u64 Spartan PIOP + F2Z,2026-08-28,2026-08-28T06:11:09Z,953825e0612cd78c28bbef47d25176f95a326d8e,true,7b89576a7a0477e51a7004b072444e810a982fd08f9950b9a8e68b00d18c25f0,4d857f49d8deaea513593cc4f9d75e52a2f16aab14a3162260602806e7a64366,Apple M1 Max,Darwin 25.5.0 arm64,bench,unchecked,10,5,1,2^100-15,SHA-256,1/2,4,absent_in_latency_binary;shared_atomic_peak_allocator_in_memory_binary,0x5533326d756c0064,latency,1,skip-k3,3,delayed-barrett,barrett,1,15,7,1,15,32768,4,40.950042000,4.483334000,0.796625000,1.152750000,2.497583000,0.006209000,36.358083000,0.110958000,6.861917000,2.959083000,0.005833000,3.830208000,0.083750000,true,32768,1,131072,98304,131072,4194304,524288,1744,117560,0x107313b30031455f,29.504528,8.493244,1
u32 x u32 -> u64 Spartan PIOP + F2Z,2026-08-28,2026-08-28T06:11:09Z,953825e0612cd78c28bbef47d25176f95a326d8e,true,7b89576a7a0477e51a7004b072444e810a982fd08f9950b9a8e68b00d18c25f0,4d857f49d8deaea513593cc4f9d75e52a2f16aab14a3162260602806e7a64366,Apple M1 Max,Darwin 25.5.0 arm64,bench,unchecked,10,5,1,2^100-15,SHA-256,1/2,4,absent_in_latency_binary;shared_atomic_peak_allocator_in_memory_binary,0x5533326d756c0064,latency,1,skip-k3,3,delayed-barrett,barrett,1,15,8,1,16,65536,0,69.954916000,9.396875000,2.461584000,2.320333000,4.553042000,0.006542000,60.353875000,0.084000000,10.194542000,5.610375000,0.009625000,4.508417000,0.093500000,true,65536,1,262144,196608,262144,8388608,1048576,1856,137100,0xb644a9fa81cbc134,58.913792,16.901691,1
u32 x u32 -> u64 Spartan PIOP + F2Z,2026-08-28,2026-08-28T06:11:09Z,953825e0612cd78c28bbef47d25176f95a326d8e,true,7b89576a7a0477e51a7004b072444e810a982fd08f9950b9a8e68b00d18c25f0,4d857f49d8deaea513593cc4f9d75e52a2f16aab14a3162260602806e7a64366,Apple M1 Max,Darwin 25.5.0 arm64,bench,unchecked,10,5,1,2^100-15,SHA-256,1/2,4,absent_in_latency_binary;shared_atomic_peak_allocator_in_memory_binary,0x5533326d756c0064,latency,1,skip-k3,3,delayed-barrett,barrett,1,15,8,1,16,65536,1,61.137833000,8.557458000,1.508667000,2.230416000,4.753167000,0.005500000,52.427167000,0.081708000,11.406875000,5.579583000,0.008584000,5.750958000,0.084917000,true,65536,1,262144,196608,262144,8388608,1048576,1856,137100,0xb644a9fa81cbc134,58.913792,16.901691,1
u32 x u32 -> u64 Spartan PIOP + F2Z,2026-08-28,2026-08-28T06:11:09Z,953825e0612cd78c28bbef47d25176f95a326d8e,true,7b89576a7a0477e51a7004b072444e810a982fd08f9950b9a8e68b00d18c25f0,4d857f49d8deaea513593cc4f9d75e52a2f16aab14a3162260602806e7a64366,Apple M1 Max,Darwin 25.5.0 arm64,bench,unchecked,10,5,1,2^100-15,SHA-256,1/2,4,absent_in_latency_binary;shared_atomic_peak_allocator_in_memory_binary,0x5533326d756c0064,latency,1,skip-k3,3,delayed-barrett,barrett,1,15,8,1,16,65536,2,68.127834000,8.700917000,1.229542000,2.406583000,5.002959000,0.005459000,59.269375000,0.082083000,9.938875000,6.528542000,0.007833000,3.308667000,0.085583000,true,65536,1,262144,196608,262144,8388608,1048576,1856,137100,0xb644a9fa81cbc134,58.913792,16.901691,1
u32 x u32 -> u64 Spartan PIOP + F2Z,2026-08-28,2026-08-28T06:11:09Z,953825e0612cd78c28bbef47d25176f95a326d8e,true,7b89576a7a0477e51a7004b072444e810a982fd08f9950b9a8e68b00d18c25f0,4d857f49d8deaea513593cc4f9d75e52a2f16aab14a3162260602806e7a64366,Apple M1 Max,Darwin 25.5.0 arm64,bench,unchecked,10,5,1,2^100-15,SHA-256,1/2,4,absent_in_latency_binary;shared_atomic_peak_allocator_in_memory_binary,0x5533326d756c0064,latency,1,skip-k3,3,delayed-barrett,barrett,1,15,8,1,16,65536,3,81.080083000,11.421250000,2.411292000,2.349458000,6.362084000,0.005875000,69.354084000,0.095042000,11.855416000,5.712334000,0.009042000,6.065209000,0.088208000,true,65536,1,262144,196608,262144,8388608,1048576,1856,137100,0xb644a9fa81cbc134,58.913792,16.901691,1
u32 x u32 -> u64 Spartan PIOP + F2Z,2026-08-28,2026-08-28T06:11:09Z,953825e0612cd78c28bbef47d25176f95a326d8e,true,7b89576a7a0477e51a7004b072444e810a982fd08f9950b9a8e68b00d18c25f0,4d857f49d8deaea513593cc4f9d75e52a2f16aab14a3162260602806e7a64366,Apple M1 Max,Darwin 25.5.0 arm64,bench,unchecked,10,5,1,2^100-15,SHA-256,1/2,4,absent_in_latency_binary;shared_atomic_peak_allocator_in_memory_binary,0x5533326d756c0064,latency,1,skip-k3,3,delayed-barrett,barrett,1,15,8,1,16,65536,4,65.989917000,9.141667000,1.421584000,2.381167000,5.278125000,0.006125000,56.694875000,0.132334000,9.295959000,5.678042000,0.009459000,3.542208000,0.084875000,true,65536,1,262144,196608,262144,8388608,1048576,1856,137100,0xb644a9fa81cbc134,58.913792,16.901691,1
u32 x u32 -> u64 Spartan PIOP + F2Z,2026-08-28,2026-08-28T06:11:09Z,953825e0612cd78c28bbef47d25176f95a326d8e,true,7b89576a7a0477e51a7004b072444e810a982fd08f9950b9a8e68b00d18c25f0,4d857f49d8deaea513593cc4f9d75e52a2f16aab14a3162260602806e7a64366,Apple M1 Max,Darwin 25.5.0 arm64,bench,unchecked,10,5,1,2^100-15,SHA-256,1/2,4,absent_in_latency_binary;shared_atomic_peak_allocator_in_memory_binary,0x5533326d756c0064,latency,1,skip-k3,3,delayed-barrett,barrett,1,16,8,1,17,131072,0,83.677375000,11.992333000,1.583666000,4.467375000,5.836834000,0.007542000,71.438083000,3.102416000,18.486041000,11.136291000,0.009541000,7.275000000,2.758250000,true,131072,1,524288,393216,524288,16777216,2097152,1968,149768,0xd49c273c069e3d01,117.727299,33.714436,1
u32 x u32 -> u64 Spartan PIOP + F2Z,2026-08-28,2026-08-28T06:11:09Z,953825e0612cd78c28bbef47d25176f95a326d8e,true,7b89576a7a0477e51a7004b072444e810a982fd08f9950b9a8e68b00d18c25f0,4d857f49d8deaea513593cc4f9d75e52a2f16aab14a3162260602806e7a64366,Apple M1 Max,Darwin 25.5.0 arm64,bench,unchecked,10,5,1,2^100-15,SHA-256,1/2,4,absent_in_latency_binary;shared_atomic_peak_allocator_in_memory_binary,0x5533326d756c0064,latency,1,skip-k3,3,delayed-barrett,barrett,1,16,8,1,17,131072,1,85.786041000,12.722583000,1.964208000,4.397291000,6.253958000,0.006292000,72.769209000,3.471667000,17.932042000,10.901709000,0.007542000,6.960000000,2.902125000,true,131072,1,524288,393216,524288,16777216,2097152,1968,149768,0xd49c273c069e3d01,117.727299,33.714436,1
u32 x u32 -> u64 Spartan PIOP + F2Z,2026-08-28,2026-08-28T06:11:09Z,953825e0612cd78c28bbef47d25176f95a326d8e,true,7b89576a7a0477e51a7004b072444e810a982fd08f9950b9a8e68b00d18c25f0,4d857f49d8deaea513593cc4f9d75e52a2f16aab14a3162260602806e7a64366,Apple M1 Max,Darwin 25.5.0 arm64,bench,unchecked,10,5,1,2^100-15,SHA-256,1/2,4,absent_in_latency_binary;shared_atomic_peak_allocator_in_memory_binary,0x5533326d756c0064,latency,1,skip-k3,3,delayed-barrett,barrett,1,16,8,1,17,131072,2,84.120625000,12.121708000,1.678917000,4.331167000,6.005833000,0.006042000,71.707417000,3.296542000,17.944125000,10.882542000,0.007084000,6.989083000,2.785834000,true,131072,1,524288,393216,524288,16777216,2097152,1968,149768,0xd49c273c069e3d01,117.727299,33.714436,1
u32 x u32 -> u64 Spartan PIOP + F2Z,2026-08-28,2026-08-28T06:11:09Z,953825e0612cd78c28bbef47d25176f95a326d8e,true,7b89576a7a0477e51a7004b072444e810a982fd08f9950b9a8e68b00d18c25f0,4d857f49d8deaea513593cc4f9d75e52a2f16aab14a3162260602806e7a64366,Apple M1 Max,Darwin 25.5.0 arm64,bench,unchecked,10,5,1,2^100-15,SHA-256,1/2,4,absent_in_latency_binary;shared_atomic_peak_allocator_in_memory_binary,0x5533326d756c0064,latency,1,skip-k3,3,delayed-barrett,barrett,1,16,8,1,17,131072,3,88.724208000,16.844875000,2.193833000,4.335000000,10.209375000,0.005750000,71.600416000,3.154375000,17.969292000,10.883500000,0.006875000,7.017334000,2.974083000,true,131072,1,524288,393216,524288,16777216,2097152,1968,149768,0xd49c273c069e3d01,117.727299,33.714436,1
u32 x u32 -> u64 Spartan PIOP + F2Z,2026-08-28,2026-08-28T06:11:09Z,953825e0612cd78c28bbef47d25176f95a326d8e,true,7b89576a7a0477e51a7004b072444e810a982fd08f9950b9a8e68b00d18c25f0,4d857f49d8deaea513593cc4f9d75e52a2f16aab14a3162260602806e7a64366,Apple M1 Max,Darwin 25.5.0 arm64,bench,unchecked,10,5,1,2^100-15,SHA-256,1/2,4,absent_in_latency_binary;shared_atomic_peak_allocator_in_memory_binary,0x5533326d756c0064,latency,1,skip-k3,3,delayed-barrett,barrett,1,16,8,1,17,131072,4,86.827666000,12.468250000,1.775250000,4.355041000,6.232542000,0.006125000,74.067000000,2.843250000,17.870833000,10.938583000,0.007208000,6.862375000,2.549875000,true,131072,1,524288,393216,524288,16777216,2097152,1968,149768,0xd49c273c069e3d01,117.727299,33.714436,1
u32 x u32 -> u64 Spartan PIOP + F2Z,2026-08-28,2026-08-28T06:11:09Z,953825e0612cd78c28bbef47d25176f95a326d8e,true,7b89576a7a0477e51a7004b072444e810a982fd08f9950b9a8e68b00d18c25f0,4d857f49d8deaea513593cc4f9d75e52a2f16aab14a3162260602806e7a64366,Apple M1 Max,Darwin 25.5.0 arm64,bench,unchecked,10,5,1,2^100-15,SHA-256,1/2,4,absent_in_latency_binary;shared_atomic_peak_allocator_in_memory_binary,0x5533326d756c0064,latency,1,skip-k3,3,delayed-barrett,barrett,1,16,9,1,18,262144,0,144.602500000,32.028416000,2.740209000,9.240208000,19.855959000,0.007042000,111.607250000,2.998250000,30.893959000,22.461375000,0.009792000,8.350291000,3.639500000,true,262144,1,1048576,786432,1048576,33554432,4194304,2080,164944,0x4ad5bd678650b91e,235.359501,67.345875,1
u32 x u32 -> u64 Spartan PIOP + F2Z,2026-08-28,2026-08-28T06:11:09Z,953825e0612cd78c28bbef47d25176f95a326d8e,true,7b89576a7a0477e51a7004b072444e810a982fd08f9950b9a8e68b00d18c25f0,4d857f49d8deaea513593cc4f9d75e52a2f16aab14a3162260602806e7a64366,Apple M1 Max,Darwin 25.5.0 arm64,bench,unchecked,10,5,1,2^100-15,SHA-256,1/2,4,absent_in_latency_binary;shared_atomic_peak_allocator_in_memory_binary,0x5533326d756c0064,latency,1,skip-k3,3,delayed-barrett,barrett,1,16,9,1,18,262144,1,143.590542000,24.758833000,2.676791000,9.372541000,12.498917000,0.006917000,118.283917000,2.870334000,31.088250000,22.554041000,0.010583000,8.451958000,2.960000000,true,262144,1,1048576,786432,1048576,33554432,4194304,2080,164944,0x4ad5bd678650b91e,235.359501,67.345875,1
u32 x u32 -> u64 Spartan PIOP + F2Z,2026-08-28,2026-08-28T06:11:09Z,953825e0612cd78c28bbef47d25176f95a326d8e,true,7b89576a7a0477e51a7004b072444e810a982fd08f9950b9a8e68b00d18c25f0,4d857f49d8deaea513593cc4f9d75e52a2f16aab14a3162260602806e7a64366,Apple M1 Max,Darwin 25.5.0 arm64,bench,unchecked,10,5,1,2^100-15,SHA-256,1/2,4,absent_in_latency_binary;shared_atomic_peak_allocator_in_memory_binary,0x5533326d756c0064,latency,1,skip-k3,3,delayed-barrett,barrett,1,16,9,1,18,262144,2,136.774500000,24.808625000,2.909250000,9.053667000,12.657167000,0.006792000,111.562791000,3.268459000,30.431416000,22.251750000,0.009250000,8.099500000,3.130583000,true,262144,1,1048576,786432,1048576,33554432,4194304,2080,164944,0x4ad5bd678650b91e,235.359501,67.345875,1
u32 x u32 -> u64 Spartan PIOP + F2Z,2026-08-28,2026-08-28T06:11:09Z,953825e0612cd78c28bbef47d25176f95a326d8e,true,7b89576a7a0477e51a7004b072444e810a982fd08f9950b9a8e68b00d18c25f0,4d857f49d8deaea513593cc4f9d75e52a2f16aab14a3162260602806e7a64366,Apple M1 Max,Darwin 25.5.0 arm64,bench,unchecked,10,5,1,2^100-15,SHA-256,1/2,4,absent_in_latency_binary;shared_atomic_peak_allocator_in_memory_binary,0x5533326d756c0064,latency,1,skip-k3,3,delayed-barrett,barrett,1,16,9,1,18,262144,3,124.480083000,21.990167000,2.238333000,8.990833000,10.573167000,0.008042000,102.094459000,3.242542000,29.932375000,22.151375000,0.008834000,7.699541000,3.032875000,true,262144,1,1048576,786432,1048576,33554432,4194304,2080,164944,0x4ad5bd678650b91e,235.359501,67.345875,1
u32 x u32 -> u64 Spartan PIOP + F2Z,2026-08-28,2026-08-28T06:11:09Z,953825e0612cd78c28bbef47d25176f95a326d8e,true,7b89576a7a0477e51a7004b072444e810a982fd08f9950b9a8e68b00d18c25f0,4d857f49d8deaea513593cc4f9d75e52a2f16aab14a3162260602806e7a64366,Apple M1 Max,Darwin 25.5.0 arm64,bench,unchecked,10,5,1,2^100-15,SHA-256,1/2,4,absent_in_latency_binary;shared_atomic_peak_allocator_in_memory_binary,0x5533326d756c0064,latency,1,skip-k3,3,delayed-barrett,barrett,1,16,9,1,18,262144,4,122.255708000,22.690042000,2.298667000,8.839666000,11.363542000,0.006125000,99.192375000,3.422791000,30.738791000,22.664917000,0.009709000,7.985958000,3.014209000,true,262144,1,1048576,786432,1048576,33554432,4194304,2080,164944,0x4ad5bd678650b91e,235.359501,67.345875,1
u32 x u32 -> u64 Spartan PIOP + F2Z,2026-08-28,2026-08-28T06:11:09Z,953825e0612cd78c28bbef47d25176f95a326d8e,true,7b89576a7a0477e51a7004b072444e810a982fd08f9950b9a8e68b00d18c25f0,4d857f49d8deaea513593cc4f9d75e52a2f16aab14a3162260602806e7a64366,Apple M1 Max,Darwin 25.5.0 arm64,bench,unchecked,10,5,1,2^100-15,SHA-256,1/2,4,absent_in_latency_binary;shared_atomic_peak_allocator_in_memory_binary,0x5533326d756c0064,latency,1,skip-k3,3,delayed-barrett,barrett,1,17,9,1,19,524288,0,238.556334000,56.995541000,3.706625000,17.969334000,34.902667000,0.009042000,179.872000000,3.181250000,52.876709000,43.960750000,0.010417000,8.819958000,4.328083000,true,524288,1,2097152,1572864,2097152,67108864,8388608,2192,185028,0xeb2d3aa907eb35eb,470.609585,134.595142,1
u32 x u32 -> u64 Spartan PIOP + F2Z,2026-08-28,2026-08-28T06:11:09Z,953825e0612cd78c28bbef47d25176f95a326d8e,true,7b89576a7a0477e51a7004b072444e810a982fd08f9950b9a8e68b00d18c25f0,4d857f49d8deaea513593cc4f9d75e52a2f16aab14a3162260602806e7a64366,Apple M1 Max,Darwin 25.5.0 arm64,bench,unchecked,10,5,1,2^100-15,SHA-256,1/2,4,absent_in_latency_binary;shared_atomic_peak_allocator_in_memory_binary,0x5533326d756c0064,latency,1,skip-k3,3,delayed-barrett,barrett,1,17,9,1,19,524288,1,217.803041000,44.434833000,3.829500000,18.130166000,22.108834000,0.007750000,172.527833000,4.141000000,53.485167000,43.856209000,0.010375000,9.537166000,4.679500000,true,524288,1,2097152,1572864,2097152,67108864,8388608,2192,185028,0xeb2d3aa907eb35eb,470.609585,134.595142,1
u32 x u32 -> u64 Spartan PIOP + F2Z,2026-08-28,2026-08-28T06:11:09Z,953825e0612cd78c28bbef47d25176f95a326d8e,true,7b89576a7a0477e51a7004b072444e810a982fd08f9950b9a8e68b00d18c25f0,4d857f49d8deaea513593cc4f9d75e52a2f16aab14a3162260602806e7a64366,Apple M1 Max,Darwin 25.5.0 arm64,bench,unchecked,10,5,1,2^100-15,SHA-256,1/2,4,absent_in_latency_binary;shared_atomic_peak_allocator_in_memory_binary,0x5533326d756c0064,latency,1,skip-k3,3,delayed-barrett,barrett,1,17,9,1,19,524288,2,210.901959000,41.523833000,3.732916000,17.516625000,19.907417000,0.006500000,168.492958000,3.830833000,52.610000000,43.315958000,0.009500000,9.207709000,4.158500000,true,524288,1,2097152,1572864,2097152,67108864,8388608,2192,185028,0xeb2d3aa907eb35eb,470.609585,134.595142,1
u32 x u32 -> u64 Spartan PIOP + F2Z,2026-08-28,2026-08-28T06:11:09Z,953825e0612cd78c28bbef47d25176f95a326d8e,true,7b89576a7a0477e51a7004b072444e810a982fd08f9950b9a8e68b00d18c25f0,4d857f49d8deaea513593cc4f9d75e52a2f16aab14a3162260602806e7a64366,Apple M1 Max,Darwin 25.5.0 arm64,bench,unchecked,10,5,1,2^100-15,SHA-256,1/2,4,absent_in_latency_binary;shared_atomic_peak_allocator_in_memory_binary,0x5533326d756c0064,latency,1,skip-k3,3,delayed-barrett,barrett,1,17,9,1,19,524288,3,220.183792000,43.841458000,4.392625000,17.532750000,21.558083000,0.006959000,175.445750000,4.002375000,52.869500000,43.288417000,0.007666000,9.492375000,4.360542000,true,524288,1,2097152,1572864,2097152,67108864,8388608,2192,185028,0xeb2d3aa907eb35eb,470.609585,134.595142,1
u32 x u32 -> u64 Spartan PIOP + F2Z,2026-08-28,2026-08-28T06:11:09Z,953825e0612cd78c28bbef47d25176f95a326d8e,true,7b89576a7a0477e51a7004b072444e810a982fd08f9950b9a8e68b00d18c25f0,4d857f49d8deaea513593cc4f9d75e52a2f16aab14a3162260602806e7a64366,Apple M1 Max,Darwin 25.5.0 arm64,bench,unchecked,10,5,1,2^100-15,SHA-256,1/2,4,absent_in_latency_binary;shared_atomic_peak_allocator_in_memory_binary,0x5533326d756c0064,latency,1,skip-k3,3,delayed-barrett,barrett,1,17,9,1,19,524288,4,219.386250000,41.704083000,3.559291000,17.650417000,20.135791000,0.007042000,176.999541000,4.106625000,53.131834000,43.201208000,0.007917000,9.847833000,4.444834000,true,524288,1,2097152,1572864,2097152,67108864,8388608,2192,185028,0xeb2d3aa907eb35eb,470.609585,134.595142,1
u32 x u32 -> u64 Spartan PIOP + F2Z,2026-08-28,2026-08-28T06:11:09Z,953825e0612cd78c28bbef47d25176f95a326d8e,true,7b89576a7a0477e51a7004b072444e810a982fd08f9950b9a8e68b00d18c25f0,4d857f49d8deaea513593cc4f9d75e52a2f16aab14a3162260602806e7a64366,Apple M1 Max,Darwin 25.5.0 arm64,bench,unchecked,10,5,1,2^100-15,SHA-256,1/2,4,absent_in_latency_binary;shared_atomic_peak_allocator_in_memory_binary,0x5533326d756c0064,latency,1,skip-k3,3,delayed-barrett,barrett,1,17,10,1,20,1048576,0,469.626542000,115.568458000,7.239375000,36.306375000,71.228208000,0.006583000,349.814625000,3.964541000,121.112500000,111.938458000,0.009667000,9.081209000,3.844209000,true,1048576,1,4194304,3145728,4194304,134217728,16777216,2304,207792,0x0966b01084bdb1c0,941.122494,269.107288,1
u32 x u32 -> u64 Spartan PIOP + F2Z,2026-08-28,2026-08-28T06:11:09Z,953825e0612cd78c28bbef47d25176f95a326d8e,true,7b89576a7a0477e51a7004b072444e810a982fd08f9950b9a8e68b00d18c25f0,4d857f49d8deaea513593cc4f9d75e52a2f16aab14a3162260602806e7a64366,Apple M1 Max,Darwin 25.5.0 arm64,bench,unchecked,10,5,1,2^100-15,SHA-256,1/2,4,absent_in_latency_binary;shared_atomic_peak_allocator_in_memory_binary,0x5533326d756c0064,latency,1,skip-k3,3,delayed-barrett,barrett,1,17,10,1,20,1048576,1,567.941708000,119.530083000,11.416166000,36.336000000,71.065583000,0.006625000,444.538167000,3.769583000,100.008709000,91.121709000,0.009959000,8.800500000,3.268459000,true,1048576,1,4194304,3145728,4194304,134217728,16777216,2304,207792,0x0966b01084bdb1c0,941.122494,269.107288,1
u32 x u32 -> u64 Spartan PIOP + F2Z,2026-08-28,2026-08-28T06:11:09Z,953825e0612cd78c28bbef47d25176f95a326d8e,true,7b89576a7a0477e51a7004b072444e810a982fd08f9950b9a8e68b00d18c25f0,4d857f49d8deaea513593cc4f9d75e52a2f16aab14a3162260602806e7a64366,Apple M1 Max,Darwin 25.5.0 arm64,bench,unchecked,10,5,1,2^100-15,SHA-256,1/2,4,absent_in_latency_binary;shared_atomic_peak_allocator_in_memory_binary,0x5533326d756c0064,latency,1,skip-k3,3,delayed-barrett,barrett,1,17,10,1,20,1048576,2,496.980708000,104.881542000,7.360791000,38.486958000,58.271083000,0.007083000,390.334416000,2.939750000,101.375625000,91.982667000,0.014625000,9.296792000,3.410542000,true,1048576,1,4194304,3145728,4194304,134217728,16777216,2304,207792,0x0966b01084bdb1c0,941.122494,269.107288,1
u32 x u32 -> u64 Spartan PIOP + F2Z,2026-08-28,2026-08-28T06:11:09Z,953825e0612cd78c28bbef47d25176f95a326d8e,true,7b89576a7a0477e51a7004b072444e810a982fd08f9950b9a8e68b00d18c25f0,4d857f49d8deaea513593cc4f9d75e52a2f16aab14a3162260602806e7a64366,Apple M1 Max,Darwin 25.5.0 arm64,bench,unchecked,10,5,1,2^100-15,SHA-256,1/2,4,absent_in_latency_binary;shared_atomic_peak_allocator_in_memory_binary,0x5533326d756c0064,latency,1,skip-k3,3,delayed-barrett,barrett,1,17,10,1,20,1048576,3,457.321958000,90.896375000,9.018416000,36.893042000,44.216250000,0.007875000,364.589292000,4.271459000,99.904917000,89.903709000,0.010167000,9.909292000,4.351917000,true,1048576,1,4194304,3145728,4194304,134217728,16777216,2304,207792,0x0966b01084bdb1c0,941.122494,269.107288,1
u32 x u32 -> u64 Spartan PIOP + F2Z,2026-08-28,2026-08-28T06:11:09Z,953825e0612cd78c28bbef47d25176f95a326d8e,true,7b89576a7a0477e51a7004b072444e810a982fd08f9950b9a8e68b00d18c25f0,4d857f49d8deaea513593cc4f9d75e52a2f16aab14a3162260602806e7a64366,Apple M1 Max,Darwin 25.5.0 arm64,bench,unchecked,10,5,1,2^100-15,SHA-256,1/2,4,absent_in_latency_binary;shared_atomic_peak_allocator_in_memory_binary,0x5533326d756c0064,latency,1,skip-k3,3,delayed-barrett,barrett,1,17,10,1,20,1048576,4,417.839541000,83.369291000,7.018291000,35.934583000,39.706750000,0.007917000,332.828833000,4.591292000,99.157708000,88.476416000,0.010166000,10.588584000,4.372250000,true,1048576,1,4194304,3145728,4194304,134217728,16777216,2304,207792,0x0966b01084bdb1c0,941.122494,269.107288,1
u32 x u32 -> u64 Spartan PIOP + F2Z,2026-08-28,2026-08-28T06:11:09Z,953825e0612cd78c28bbef47d25176f95a326d8e,true,7b89576a7a0477e51a7004b072444e810a982fd08f9950b9a8e68b00d18c25f0,4d857f49d8deaea513593cc4f9d75e52a2f16aab14a3162260602806e7a64366,Apple M1 Max,Darwin 25.5.0 arm64,bench,unchecked,10,5,1,2^100-15,SHA-256,1/2,4,absent_in_latency_binary;shared_atomic_peak_allocator_in_memory_binary,0x5533326d756c0064,latency,1,skip-k3,3,delayed-barrett,barrett,1,18,10,1,21,2097152,0,884.660625000,222.757000000,11.963625000,71.457459000,137.947250000,0.007875000,654.583166000,4.652500000,186.611708000,173.825625000,0.010584000,12.687667000,5.613625000,true,2097152,1,8388608,6291456,8388608,268435456,33554432,2416,223604,0xafbfce5a04702ddd,1882.123745,538.107777,1
u32 x u32 -> u64 Spartan PIOP + F2Z,2026-08-28,2026-08-28T06:11:09Z,953825e0612cd78c28bbef47d25176f95a326d8e,true,7b89576a7a0477e51a7004b072444e810a982fd08f9950b9a8e68b00d18c25f0,4d857f49d8deaea513593cc4f9d75e52a2f16aab14a3162260602806e7a64366,Apple M1 Max,Darwin 25.5.0 arm64,bench,unchecked,10,5,1,2^100-15,SHA-256,1/2,4,absent_in_latency_binary;shared_atomic_peak_allocator_in_memory_binary,0x5533326d756c0064,latency,1,skip-k3,3,delayed-barrett,barrett,1,18,10,1,21,2097152,1,1094.953000000,205.922709000,12.441167000,73.132834000,118.908458000,0.007541000,885.404291000,4.771791000,197.941625000,183.925958000,0.011542000,13.908791000,5.883500000,true,2097152,1,8388608,6291456,8388608,268435456,33554432,2416,223604,0xafbfce5a04702ddd,1882.123745,538.107777,1
u32 x u32 -> u64 Spartan PIOP + F2Z,2026-08-28,2026-08-28T06:11:09Z,953825e0612cd78c28bbef47d25176f95a326d8e,true,7b89576a7a0477e51a7004b072444e810a982fd08f9950b9a8e68b00d18c25f0,4d857f49d8deaea513593cc4f9d75e52a2f16aab14a3162260602806e7a64366,Apple M1 Max,Darwin 25.5.0 arm64,bench,unchecked,10,5,1,2^100-15,SHA-256,1/2,4,absent_in_latency_binary;shared_atomic_peak_allocator_in_memory_binary,0x5533326d756c0064,latency,1,skip-k3,3,delayed-barrett,barrett,1,18,10,1,21,2097152,2,988.589250000,188.467792000,15.896542000,74.999292000,96.172292000,0.007583000,797.326625000,4.653875000,189.007375000,175.899916000,0.009125000,13.001292000,5.518708000,true,2097152,1,8388608,6291456,8388608,268435456,33554432,2416,223604,0xafbfce5a04702ddd,1882.123745,538.107777,1
u32 x u32 -> u64 Spartan PIOP + F2Z,2026-08-28,2026-08-28T06:11:09Z,953825e0612cd78c28bbef47d25176f95a326d8e,true,7b89576a7a0477e51a7004b072444e810a982fd08f9950b9a8e68b00d18c25f0,4d857f49d8deaea513593cc4f9d75e52a2f16aab14a3162260602806e7a64366,Apple M1 Max,Darwin 25.5.0 arm64,bench,unchecked,10,5,1,2^100-15,SHA-256,1/2,4,absent_in_latency_binary;shared_atomic_peak_allocator_in_memory_binary,0x5533326d756c0064,latency,1,skip-k3,3,delayed-barrett,barrett,1,18,10,1,21,2097152,3,817.574416000,164.743792000,13.408417000,71.691209000,78.263084000,0.009333000,649.936500000,4.142458000,187.356000000,175.286750000,0.010083000,11.966666000,5.076666000,true,2097152,1,8388608,6291456,8388608,268435456,33554432,2416,223604,0xafbfce5a04702ddd,1882.123745,538.107777,1
u32 x u32 -> u64 Spartan PIOP + F2Z,2026-08-28,2026-08-28T06:11:09Z,953825e0612cd78c28bbef47d25176f95a326d8e,true,7b89576a7a0477e51a7004b072444e810a982fd08f9950b9a8e68b00d18c25f0,4d857f49d8deaea513593cc4f9d75e52a2f16aab14a3162260602806e7a64366,Apple M1 Max,Darwin 25.5.0 arm64,bench,unchecked,10,5,1,2^100-15,SHA-256,1/2,4,absent_in_latency_binary;shared_atomic_peak_allocator_in_memory_binary,0x5533326d756c0064,latency,1,skip-k3,3,delayed-barrett,barrett,1,18,10,1,21,2097152,4,789.830375000,159.274167000,12.905500000,70.573375000,74.333959000,0.007125000,627.422208000,5.731917000,186.149875000,173.522000000,0.010041000,12.536917000,5.763708000,true,2097152,1,8388608,6291456,8388608,268435456,33554432,2416,223604,0xafbfce5a04702ddd,1882.123745,538.107777,1
u32 x u32 -> u64 Spartan PIOP + F2Z,2026-08-28,2026-08-28T06:11:09Z,953825e0612cd78c28bbef47d25176f95a326d8e,true,7b89576a7a0477e51a7004b072444e810a982fd08f9950b9a8e68b00d18c25f0,4d857f49d8deaea513593cc4f9d75e52a2f16aab14a3162260602806e7a64366,Apple M1 Max,Darwin 25.5.0 arm64,bench,unchecked,10,5,1,2^100-15,SHA-256,1/2,4,absent_in_latency_binary;shared_atomic_peak_allocator_in_memory_binary,0x5533326d756c0064,latency,1,skip-k3,3,delayed-barrett,barrett,1,18,11,1,22,4194304,0,1695.066125000,434.596667000,22.590875000,141.208333000,267.895875000,0.007916000,1245.708292000,5.124583000,454.401041000,440.447083000,0.010042000,13.853708000,6.346791000,true,4194304,1,16777216,12582912,16777216,536870912,67108864,2528,259540,0xcdf7479d850aa9aa,3764.147633,1076.130848,1
u32 x u32 -> u64 Spartan PIOP + F2Z,2026-08-28,2026-08-28T06:11:09Z,953825e0612cd78c28bbef47d25176f95a326d8e,true,7b89576a7a0477e51a7004b072444e810a982fd08f9950b9a8e68b00d18c25f0,4d857f49d8deaea513593cc4f9d75e52a2f16aab14a3162260602806e7a64366,Apple M1 Max,Darwin 25.5.0 arm64,bench,unchecked,10,5,1,2^100-15,SHA-256,1/2,4,absent_in_latency_binary;shared_atomic_peak_allocator_in_memory_binary,0x5533326d756c0064,latency,1,skip-k3,3,delayed-barrett,barrett,1,18,11,1,22,4194304,1,1848.460625000,432.118334000,22.017959000,141.948750000,265.417250000,0.007625000,1401.980250000,5.709375000,426.877666000,413.067708000,0.010917000,13.710917000,6.002209000,true,4194304,1,16777216,12582912,16777216,536870912,67108864,2528,259540,0xcdf7479d850aa9aa,3764.147633,1076.130848,1
u32 x u32 -> u64 Spartan PIOP + F2Z,2026-08-28,2026-08-28T06:11:09Z,953825e0612cd78c28bbef47d25176f95a326d8e,true,7b89576a7a0477e51a7004b072444e810a982fd08f9950b9a8e68b00d18c25f0,4d857f49d8deaea513593cc4f9d75e52a2f16aab14a3162260602806e7a64366,Apple M1 Max,Darwin 25.5.0 arm64,bench,unchecked,10,5,1,2^100-15,SHA-256,1/2,4,absent_in_latency_binary;shared_atomic_peak_allocator_in_memory_binary,0x5533326d756c0064,latency,1,skip-k3,3,delayed-barrett,barrett,1,18,11,1,22,4194304,2,1742.248875000,372.325625000,31.491709000,153.058959000,184.696875000,0.007416000,1363.180542000,4.988917000,365.681375000,352.127709000,0.009833000,13.457833000,5.928500000,true,4194304,1,16777216,12582912,16777216,536870912,67108864,2528,259540,0xcdf7479d850aa9aa,3764.147633,1076.130848,1
u32 x u32 -> u64 Spartan PIOP + F2Z,2026-08-28,2026-08-28T06:11:09Z,953825e0612cd78c28bbef47d25176f95a326d8e,true,7b89576a7a0477e51a7004b072444e810a982fd08f9950b9a8e68b00d18c25f0,4d857f49d8deaea513593cc4f9d75e52a2f16aab14a3162260602806e7a64366,Apple M1 Max,Darwin 25.5.0 arm64,bench,unchecked,10,5,1,2^100-15,SHA-256,1/2,4,absent_in_latency_binary;shared_atomic_peak_allocator_in_memory_binary,0x5533326d756c0064,latency,1,skip-k3,3,delayed-barrett,barrett,1,18,11,1,22,4194304,3,1641.977458000,329.636958000,28.379167000,147.792167000,150.564708000,0.007292000,1306.532083000,5.784708000,366.167875000,353.371667000,0.011708000,12.672833000,5.675875000,true,4194304,1,16777216,12582912,16777216,536870912,67108864,2528,259540,0xcdf7479d850aa9aa,3764.147633,1076.130848,1
u32 x u32 -> u64 Spartan PIOP + F2Z,2026-08-28,2026-08-28T06:11:09Z,953825e0612cd78c28bbef47d25176f95a326d8e,true,7b89576a7a0477e51a7004b072444e810a982fd08f9950b9a8e68b00d18c25f0,4d857f49d8deaea513593cc4f9d75e52a2f16aab14a3162260602806e7a64366,Apple M1 Max,Darwin 25.5.0 arm64,bench,unchecked,10,5,1,2^100-15,SHA-256,1/2,4,absent_in_latency_binary;shared_atomic_peak_allocator_in_memory_binary,0x5533326d756c0064,latency,1,skip-k3,3,delayed-barrett,barrett,1,18,11,1,22,4194304,4,1718.035458000,321.929250000,23.235750000,143.431709000,152.444334000,0.007416000,1390.764375000,4.679333000,365.738125000,353.245375000,0.010167000,12.400500000,4.991000000,true,4194304,1,16777216,12582912,16777216,536870912,67108864,2528,259540,0xcdf7479d850aa9aa,3764.147633,1076.130848,1
u32 x u32 -> u64 Spartan PIOP + F2Z,2026-08-28,2026-08-28T06:11:09Z,953825e0612cd78c28bbef47d25176f95a326d8e,true,7b89576a7a0477e51a7004b072444e810a982fd08f9950b9a8e68b00d18c25f0,4d857f49d8deaea513593cc4f9d75e52a2f16aab14a3162260602806e7a64366,Apple M1 Max,Darwin 25.5.0 arm64,bench,unchecked,10,5,1,2^100-15,SHA-256,1/2,4,absent_in_latency_binary;shared_atomic_peak_allocator_in_memory_binary,0x5533326d756c0064,latency,1,skip-k3,3,delayed-barrett,barrett,1,19,11,1,23,8388608,0,4048.096625000,920.484792000,45.067416000,286.791959000,583.070375000,0.007334000,3073.752167000,10.006625000,725.692500000,707.492583000,0.011417000,18.094667000,6.426083000,true,8388608,1,33554432,25165824,33554432,1073741824,134217728,2640,277792,0x63c8ddc71add2587,7528.148640,2152.131092,1
u32 x u32 -> u64 Spartan PIOP + F2Z,2026-08-28,2026-08-28T06:11:09Z,953825e0612cd78c28bbef47d25176f95a326d8e,true,7b89576a7a0477e51a7004b072444e810a982fd08f9950b9a8e68b00d18c25f0,4d857f49d8deaea513593cc4f9d75e52a2f16aab14a3162260602806e7a64366,Apple M1 Max,Darwin 25.5.0 arm64,bench,unchecked,10,5,1,2^100-15,SHA-256,1/2,4,absent_in_latency_binary;shared_atomic_peak_allocator_in_memory_binary,0x5533326d756c0064,latency,1,skip-k3,3,delayed-barrett,barrett,1,19,11,1,23,8388608,1,3715.377792000,655.514375000,50.511500000,285.137791000,314.341459000,0.007500000,3048.923750000,5.432125000,721.153750000,704.547583000,0.010209000,16.505125000,6.239917000,true,8388608,1,33554432,25165824,33554432,1073741824,134217728,2640,277792,0x63c8ddc71add2587,7528.148640,2152.131092,1
u32 x u32 -> u64 Spartan PIOP + F2Z,2026-08-28,2026-08-28T06:11:09Z,953825e0612cd78c28bbef47d25176f95a326d8e,true,7b89576a7a0477e51a7004b072444e810a982fd08f9950b9a8e68b00d18c25f0,4d857f49d8deaea513593cc4f9d75e52a2f16aab14a3162260602806e7a64366,Apple M1 Max,Darwin 25.5.0 arm64,bench,unchecked,10,5,1,2^100-15,SHA-256,1/2,4,absent_in_latency_binary;shared_atomic_peak_allocator_in_memory_binary,0x5533326d756c0064,latency,1,skip-k3,3,delayed-barrett,barrett,1,19,11,1,23,8388608,2,3676.382875000,663.887417000,44.529334000,284.414750000,329.450542000,0.007625000,3001.566459000,5.362459000,721.162084000,704.349417000,0.010792000,16.716125000,6.969000000,true,8388608,1,33554432,25165824,33554432,1073741824,134217728,2640,277792,0x63c8ddc71add2587,7528.148640,2152.131092,1
u32 x u32 -> u64 Spartan PIOP + F2Z,2026-08-28,2026-08-28T06:11:09Z,953825e0612cd78c28bbef47d25176f95a326d8e,true,7b89576a7a0477e51a7004b072444e810a982fd08f9950b9a8e68b00d18c25f0,4d857f49d8deaea513593cc4f9d75e52a2f16aab14a3162260602806e7a64366,Apple M1 Max,Darwin 25.5.0 arm64,bench,unchecked,10,5,1,2^100-15,SHA-256,1/2,4,absent_in_latency_binary;shared_atomic_peak_allocator_in_memory_binary,0x5533326d756c0064,latency,1,skip-k3,3,delayed-barrett,barrett,1,19,11,1,23,8388608,3,3844.623375000,662.379709000,55.116709000,286.731375000,315.035334000,0.007375000,3171.196208000,6.102625000,719.100584000,704.643375000,0.011500000,14.361792000,5.075750000,true,8388608,1,33554432,25165824,33554432,1073741824,134217728,2640,277792,0x63c8ddc71add2587,7528.148640,2152.131092,1
u32 x u32 -> u64 Spartan PIOP + F2Z,2026-08-28,2026-08-28T06:11:09Z,953825e0612cd78c28bbef47d25176f95a326d8e,true,7b89576a7a0477e51a7004b072444e810a982fd08f9950b9a8e68b00d18c25f0,4d857f49d8deaea513593cc4f9d75e52a2f16aab14a3162260602806e7a64366,Apple M1 Max,Darwin 25.5.0 arm64,bench,unchecked,10,5,1,2^100-15,SHA-256,1/2,4,absent_in_latency_binary;shared_atomic_peak_allocator_in_memory_binary,0x5533326d756c0064,latency,1,skip-k3,3,delayed-barrett,barrett,1,19,11,1,23,8388608,4,3926.693291000,669.438292000,44.354292000,286.521292000,333.017292000,0.025625000,3230.976667000,5.328000000,955.838500000,936.747417000,0.010667000,18.991167000,8.003833000,true,8388608,1,33554432,25165824,33554432,1073741824,134217728,2640,277792,0x63c8ddc71add2587,7528.148640,2152.131092,1
u32 x u32 -> u64 Spartan PIOP + F2Z,2026-08-28,2026-08-28T06:11:09Z,953825e0612cd78c28bbef47d25176f95a326d8e,true,7b89576a7a0477e51a7004b072444e810a982fd08f9950b9a8e68b00d18c25f0,4d857f49d8deaea513593cc4f9d75e52a2f16aab14a3162260602806e7a64366,Apple M1 Max,Darwin 25.5.0 arm64,bench,unchecked,10,5,1,2^100-15,SHA-256,1/2,4,absent_in_latency_binary;shared_atomic_peak_allocator_in_memory_binary,0x5533326d756c0064,latency,1,skip-k3,3,delayed-barrett,barrett,1,19,12,1,24,16777216,0,9726.895709000,2592.752875000,107.716375000,987.874791000,1480.659333000,0.007708000,7026.401667000,7.376666000,5107.973500000,5082.620208000,0.036083000,25.209667000,8.594500000,true,16777216,1,67108864,50331648,67108864,2147483648,268435456,2752,321900,0x80005b0e9b97a19c,15056.197498,4304.179188,1
u32 x u32 -> u64 Spartan PIOP + F2Z,2026-08-28,2026-08-28T06:11:09Z,953825e0612cd78c28bbef47d25176f95a326d8e,true,7b89576a7a0477e51a7004b072444e810a982fd08f9950b9a8e68b00d18c25f0,4d857f49d8deaea513593cc4f9d75e52a2f16aab14a3162260602806e7a64366,Apple M1 Max,Darwin 25.5.0 arm64,bench,unchecked,10,5,1,2^100-15,SHA-256,1/2,4,absent_in_latency_binary;shared_atomic_peak_allocator_in_memory_binary,0x5533326d756c0064,latency,1,skip-k3,3,delayed-barrett,barrett,1,19,12,1,24,16777216,1,10152.527458000,2770.714500000,147.960833000,1018.517709000,1592.911458000,0.007708000,7256.190708000,7.106125000,4120.159958000,4098.638042000,0.026666000,21.399375000,6.267458000,true,16777216,1,67108864,50331648,67108864,2147483648,268435456,2752,321900,0x80005b0e9b97a19c,15056.197498,4304.179188,1
u32 x u32 -> u64 Spartan PIOP + F2Z,2026-08-28,2026-08-28T06:11:09Z,953825e0612cd78c28bbef47d25176f95a326d8e,true,7b89576a7a0477e51a7004b072444e810a982fd08f9950b9a8e68b00d18c25f0,4d857f49d8deaea513593cc4f9d75e52a2f16aab14a3162260602806e7a64366,Apple M1 Max,Darwin 25.5.0 arm64,bench,unchecked,10,5,1,2^100-15,SHA-256,1/2,4,absent_in_latency_binary;shared_atomic_peak_allocator_in_memory_binary,0x5533326d756c0064,latency,1,skip-k3,3,delayed-barrett,barrett,1,19,12,1,24,16777216,2,10789.850750000,3633.596375000,156.955125000,1053.446000000,2412.278042000,0.013000000,7071.336500000,4.396667000,2637.123833000,2616.014667000,0.011583000,20.998958000,8.016125000,true,16777216,1,67108864,50331648,67108864,2147483648,268435456,2752,321900,0x80005b0e9b97a19c,15056.197498,4304.179188,1
u32 x u32 -> u64 Spartan PIOP + F2Z,2026-08-28,2026-08-28T06:11:09Z,953825e0612cd78c28bbef47d25176f95a326d8e,true,7b89576a7a0477e51a7004b072444e810a982fd08f9950b9a8e68b00d18c25f0,4d857f49d8deaea513593cc4f9d75e52a2f16aab14a3162260602806e7a64366,Apple M1 Max,Darwin 25.5.0 arm64,bench,unchecked,10,5,1,2^100-15,SHA-256,1/2,4,absent_in_latency_binary;shared_atomic_peak_allocator_in_memory_binary,0x5533326d756c0064,latency,1,skip-k3,3,delayed-barrett,barrett,1,19,12,1,24,16777216,3,8692.705042000,2339.167667000,102.767833000,1237.679333000,987.581000000,0.007583000,6255.136375000,6.365083000,3542.504917000,3510.025166000,0.021750000,32.351542000,17.071584000,true,16777216,1,67108864,50331648,67108864,2147483648,268435456,2752,321900,0x80005b0e9b97a19c,15056.197498,4304.179188,1
u32 x u32 -> u64 Spartan PIOP + F2Z,2026-08-28,2026-08-28T06:11:09Z,953825e0612cd78c28bbef47d25176f95a326d8e,true,7b89576a7a0477e51a7004b072444e810a982fd08f9950b9a8e68b00d18c25f0,4d857f49d8deaea513593cc4f9d75e52a2f16aab14a3162260602806e7a64366,Apple M1 Max,Darwin 25.5.0 arm64,bench,unchecked,10,5,1,2^100-15,SHA-256,1/2,4,absent_in_latency_binary;shared_atomic_peak_allocator_in_memory_binary,0x5533326d756c0064,latency,1,skip-k3,3,delayed-barrett,barrett,1,19,12,1,24,16777216,4,10938.741375000,3802.262167000,148.685958000,1062.123500000,2580.400417000,0.013083000,7057.491208000,7.009666000,1875.025792000,1856.534750000,0.010958000,18.379500000,6.846084000,true,16777216,1,67108864,50331648,67108864,2147483648,268435456,2752,321900,0x80005b0e9b97a19c,15056.197498,4304.179188,1
u32 x u32 -> u64 Spartan PIOP + F2Z,2026-08-28,2026-08-28T06:11:09Z,953825e0612cd78c28bbef47d25176f95a326d8e,true,7b89576a7a0477e51a7004b072444e810a982fd08f9950b9a8e68b00d18c25f0,4d857f49d8deaea513593cc4f9d75e52a2f16aab14a3162260602806e7a64366,Apple M1 Max,Darwin 25.5.0 arm64,bench,unchecked,10,5,1,2^100-15,SHA-256,1/2,4,absent_in_latency_binary;shared_atomic_peak_allocator_in_memory_binary,0x5533326d756c0064,latency,1,skip-k3,3,delayed-barrett,barrett,1,20,12,1,25,33554432,0,23324.020750000,5456.490084000,226.456708000,1924.856792000,3283.259541000,0.010792000,17553.970875000,9.033625000,4191.927458000,4169.267208000,0.011375000,22.540500000,7.155792000,true,33554432,1,134217728,100663296,134217728,4294967296,536870912,2864,346296,0x2659d1701b2a1e69,30112.197582,8608.178455,1
u32 x u32 -> u64 Spartan PIOP + F2Z,2026-08-28,2026-08-28T06:11:09Z,953825e0612cd78c28bbef47d25176f95a326d8e,true,7b89576a7a0477e51a7004b072444e810a982fd08f9950b9a8e68b00d18c25f0,4d857f49d8deaea513593cc4f9d75e52a2f16aab14a3162260602806e7a64366,Apple M1 Max,Darwin 25.5.0 arm64,bench,unchecked,10,5,1,2^100-15,SHA-256,1/2,4,absent_in_latency_binary;shared_atomic_peak_allocator_in_memory_binary,0x5533326d756c0064,latency,1,skip-k3,3,delayed-barrett,barrett,1,20,12,1,25,33554432,1,25853.807416000,8736.104334000,209.734625000,2514.084667000,5990.358167000,0.040792000,16972.814208000,11.649083000,4526.508625000,4497.237917000,0.013167000,29.124000000,12.144416000,true,33554432,1,134217728,100663296,134217728,4294967296,536870912,2864,346296,0x2659d1701b2a1e69,30112.197582,8608.178455,1
u32 x u32 -> u64 Spartan PIOP + F2Z,2026-08-28,2026-08-28T06:11:09Z,953825e0612cd78c28bbef47d25176f95a326d8e,true,7b89576a7a0477e51a7004b072444e810a982fd08f9950b9a8e68b00d18c25f0,4d857f49d8deaea513593cc4f9d75e52a2f16aab14a3162260602806e7a64366,Apple M1 Max,Darwin 25.5.0 arm64,bench,unchecked,10,5,1,2^100-15,SHA-256,1/2,4,absent_in_latency_binary;shared_atomic_peak_allocator_in_memory_binary,0x5533326d756c0064,latency,1,skip-k3,3,delayed-barrett,barrett,1,20,12,1,25,33554432,2,23862.674791000,6509.091625000,235.889250000,1906.917208000,4339.622583000,0.014125000,17062.538583000,8.240709000,7386.096833000,7355.735834000,0.028375000,30.219833000,12.641958000,true,33554432,1,134217728,100663296,134217728,4294967296,536870912,2864,346296,0x2659d1701b2a1e69,30112.197582,8608.178455,1
u32 x u32 -> u64 Spartan PIOP + F2Z,2026-08-28,2026-08-28T06:11:09Z,953825e0612cd78c28bbef47d25176f95a326d8e,true,7b89576a7a0477e51a7004b072444e810a982fd08f9950b9a8e68b00d18c25f0,4d857f49d8deaea513593cc4f9d75e52a2f16aab14a3162260602806e7a64366,Apple M1 Max,Darwin 25.5.0 arm64,bench,unchecked,10,5,1,2^100-15,SHA-256,1/2,4,absent_in_latency_binary;shared_atomic_peak_allocator_in_memory_binary,0x5533326d756c0064,latency,1,skip-k3,3,delayed-barrett,barrett,1,20,12,1,25,33554432,3,23161.335250000,6093.562125000,230.081291000,1949.723042000,3891.780750000,0.011000000,16767.965750000,7.143166000,4076.743209000,4032.358417000,0.023416000,44.261417000,24.370500000,true,33554432,1,134217728,100663296,134217728,4294967296,536870912,2864,346296,0x2659d1701b2a1e69,30112.197582,8608.178455,1
u32 x u32 -> u64 Spartan PIOP + F2Z,2026-08-28,2026-08-28T06:11:09Z,953825e0612cd78c28bbef47d25176f95a326d8e,true,7b89576a7a0477e51a7004b072444e810a982fd08f9950b9a8e68b00d18c25f0,4d857f49d8deaea513593cc4f9d75e52a2f16aab14a3162260602806e7a64366,Apple M1 Max,Darwin 25.5.0 arm64,bench,unchecked,10,5,1,2^100-15,SHA-256,1/2,4,absent_in_latency_binary;shared_atomic_peak_allocator_in_memory_binary,0x5533326d756c0064,latency,1,skip-k3,3,delayed-barrett,barrett,1,20,12,1,25,33554432,4,24167.896875000,7172.202625000,254.933250000,1972.121750000,4913.214666000,0.011541000,16845.093000000,10.999708000,4566.430375000,4540.620042000,0.015708000,25.665250000,8.930792000,true,33554432,1,134217728,100663296,134217728,4294967296,536870912,2864,346296,0x2659d1701b2a1e69,30112.197582,8608.178455,1
u32 x u32 -> u64 Spartan PIOP + F2Z,2026-08-28,2026-08-28T06:11:09Z,953825e0612cd78c28bbef47d25176f95a326d8e,true,7b89576a7a0477e51a7004b072444e810a982fd08f9950b9a8e68b00d18c25f0,4d857f49d8deaea513593cc4f9d75e52a2f16aab14a3162260602806e7a64366,Apple M1 Max,Darwin 25.5.0 arm64,bench,unchecked,10,5,1,2^100-15,SHA-256,1/2,4,absent_in_latency_binary;shared_atomic_peak_allocator_in_memory_binary,0x5533326d756c0064,latency,1,skip-k3,3,delayed-barrett,barrett,8,12,7,1,15,32768,0,34.619291000,3.741792000,0.618250000,1.096125000,1.989250000,0.005416000,30.767583000,0.015541000,6.385708000,2.799167000,0.004833000,3.522625000,0.017292000,true,32768,1,131072,98304,131072,4194304,524288,1744,116184,0x107313b30031455f,29.504528,8.493244,1
u32 x u32 -> u64 Spartan PIOP + F2Z,2026-08-28,2026-08-28T06:11:09Z,953825e0612cd78c28bbef47d25176f95a326d8e,true,7b89576a7a0477e51a7004b072444e810a982fd08f9950b9a8e68b00d18c25f0,4d857f49d8deaea513593cc4f9d75e52a2f16aab14a3162260602806e7a64366,Apple M1 Max,Darwin 25.5.0 arm64,bench,unchecked,10,5,1,2^100-15,SHA-256,1/2,4,absent_in_latency_binary;shared_atomic_peak_allocator_in_memory_binary,0x5533326d756c0064,latency,1,skip-k3,3,delayed-barrett,barrett,8,12,7,1,15,32768,1,33.047166000,3.932750000,0.704958000,1.113292000,2.076416000,0.005417000,29.016459000,0.016250000,6.639500000,2.773292000,0.004417000,3.806708000,0.017125000,true,32768,1,131072,98304,131072,4194304,524288,1744,116184,0x107313b30031455f,29.504528,8.493244,1
u32 x u32 -> u64 Spartan PIOP + F2Z,2026-08-28,2026-08-28T06:11:09Z,953825e0612cd78c28bbef47d25176f95a326d8e,true,7b89576a7a0477e51a7004b072444e810a982fd08f9950b9a8e68b00d18c25f0,4d857f49d8deaea513593cc4f9d75e52a2f16aab14a3162260602806e7a64366,Apple M1 Max,Darwin 25.5.0 arm64,bench,unchecked,10,5,1,2^100-15,SHA-256,1/2,4,absent_in_latency_binary;shared_atomic_peak_allocator_in_memory_binary,0x5533326d756c0064,latency,1,skip-k3,3,delayed-barrett,barrett,8,12,7,1,15,32768,2,35.604625000,4.315667000,0.891792000,1.090042000,2.298000000,0.005334000,31.154166000,0.016209000,6.879250000,2.820584000,0.004292000,3.997500000,0.017000000,true,32768,1,131072,98304,131072,4194304,524288,1744,116184,0x107313b30031455f,29.504528,8.493244,1
u32 x u32 -> u64 Spartan PIOP + F2Z,2026-08-28,2026-08-28T06:11:09Z,953825e0612cd78c28bbef47d25176f95a326d8e,true,7b89576a7a0477e51a7004b072444e810a982fd08f9950b9a8e68b00d18c25f0,4d857f49d8deaea513593cc4f9d75e52a2f16aab14a3162260602806e7a64366,Apple M1 Max,Darwin 25.5.0 arm64,bench,unchecked,10,5,1,2^100-15,SHA-256,1/2,4,absent_in_latency_binary;shared_atomic_peak_allocator_in_memory_binary,0x5533326d756c0064,latency,1,skip-k3,3,delayed-barrett,barrett,8,12,7,1,15,32768,3,34.922708000,4.264458000,0.776084000,1.102083000,2.351000000,0.005041000,30.514333000,0.016125000,6.746667000,2.822333000,0.004333000,3.865250000,0.019667000,true,32768,1,131072,98304,131072,4194304,524288,1744,116184,0x107313b30031455f,29.504528,8.493244,1
u32 x u32 -> u64 Spartan PIOP + F2Z,2026-08-28,2026-08-28T06:11:09Z,953825e0612cd78c28bbef47d25176f95a326d8e,true,7b89576a7a0477e51a7004b072444e810a982fd08f9950b9a8e68b00d18c25f0,4d857f49d8deaea513593cc4f9d75e52a2f16aab14a3162260602806e7a64366,Apple M1 Max,Darwin 25.5.0 arm64,bench,unchecked,10,5,1,2^100-15,SHA-256,1/2,4,absent_in_latency_binary;shared_atomic_peak_allocator_in_memory_binary,0x5533326d756c0064,latency,1,skip-k3,3,delayed-barrett,barrett,8,12,7,1,15,32768,4,36.169000000,3.827208000,0.703666000,1.126542000,1.961625000,0.005125000,32.248583000,0.016041000,6.803125000,2.784000000,0.004750000,3.950750000,0.017625000,true,32768,1,131072,98304,131072,4194304,524288,1744,116184,0x107313b30031455f,29.504528,8.493244,1
u32 x u32 -> u64 Spartan PIOP + F2Z,2026-08-28,2026-08-28T06:11:09Z,953825e0612cd78c28bbef47d25176f95a326d8e,true,7b89576a7a0477e51a7004b072444e810a982fd08f9950b9a8e68b00d18c25f0,4d857f49d8deaea513593cc4f9d75e52a2f16aab14a3162260602806e7a64366,Apple M1 Max,Darwin 25.5.0 arm64,bench,unchecked,10,5,1,2^100-15,SHA-256,1/2,4,absent_in_latency_binary;shared_atomic_peak_allocator_in_memory_binary,0x5533326d756c0064,latency,1,skip-k3,3,delayed-barrett,barrett,8,12,8,1,16,65536,0,71.801792000,7.185416000,1.122209000,2.254333000,3.745917000,0.006125000,64.440792000,0.016500000,9.407458000,5.532542000,0.006459000,3.798542000,0.021625000,true,65536,1,262144,196608,262144,8388608,1048576,1856,137324,0xb644a9fa81cbc134,58.913792,16.901691,1
u32 x u32 -> u64 Spartan PIOP + F2Z,2026-08-28,2026-08-28T06:11:09Z,953825e0612cd78c28bbef47d25176f95a326d8e,true,7b89576a7a0477e51a7004b072444e810a982fd08f9950b9a8e68b00d18c25f0,4d857f49d8deaea513593cc4f9d75e52a2f16aab14a3162260602806e7a64366,Apple M1 Max,Darwin 25.5.0 arm64,bench,unchecked,10,5,1,2^100-15,SHA-256,1/2,4,absent_in_latency_binary;shared_atomic_peak_allocator_in_memory_binary,0x5533326d756c0064,latency,1,skip-k3,3,delayed-barrett,barrett,8,12,8,1,16,65536,1,71.359375000,7.134375000,1.305084000,2.257167000,3.509041000,0.005500000,64.018917000,0.016708000,8.981375000,5.594041000,0.009500000,3.282541000,0.019500000,true,65536,1,262144,196608,262144,8388608,1048576,1856,137324,0xb644a9fa81cbc134,58.913792,16.901691,1
u32 x u32 -> u64 Spartan PIOP + F2Z,2026-08-28,2026-08-28T06:11:09Z,953825e0612cd78c28bbef47d25176f95a326d8e,true,7b89576a7a0477e51a7004b072444e810a982fd08f9950b9a8e68b00d18c25f0,4d857f49d8deaea513593cc4f9d75e52a2f16aab14a3162260602806e7a64366,Apple M1 Max,Darwin 25.5.0 arm64,bench,unchecked,10,5,1,2^100-15,SHA-256,1/2,4,absent_in_latency_binary;shared_atomic_peak_allocator_in_memory_binary,0x5533326d756c0064,latency,1,skip-k3,3,delayed-barrett,barrett,8,12,8,1,16,65536,2,71.279000000,6.977583000,1.355083000,2.189375000,3.371750000,0.005208000,64.121250000,0.020792000,9.634667000,5.536250000,0.005459000,3.967291000,0.019209000,true,65536,1,262144,196608,262144,8388608,1048576,1856,137324,0xb644a9fa81cbc134,58.913792,16.901691,1
u32 x u32 -> u64 Spartan PIOP + F2Z,2026-08-28,2026-08-28T06:11:09Z,953825e0612cd78c28bbef47d25176f95a326d8e,true,7b89576a7a0477e51a7004b072444e810a982fd08f9950b9a8e68b00d18c25f0,4d857f49d8deaea513593cc4f9d75e52a2f16aab14a3162260602806e7a64366,Apple M1 Max,Darwin 25.5.0 arm64,bench,unchecked,10,5,1,2^100-15,SHA-256,1/2,4,absent_in_latency_binary;shared_atomic_peak_allocator_in_memory_binary,0x5533326d756c0064,latency,1,skip-k3,3,delayed-barrett,barrett,8,12,8,1,16,65536,3,73.804334000,6.996833000,1.318667000,2.240625000,3.379166000,0.005500000,66.662667000,0.016500000,9.316000000,5.541375000,0.006459000,3.678708000,0.018209000,true,65536,1,262144,196608,262144,8388608,1048576,1856,137324,0xb644a9fa81cbc134,58.913792,16.901691,1
u32 x u32 -> u64 Spartan PIOP + F2Z,2026-08-28,2026-08-28T06:11:09Z,953825e0612cd78c28bbef47d25176f95a326d8e,true,7b89576a7a0477e51a7004b072444e810a982fd08f9950b9a8e68b00d18c25f0,4d857f49d8deaea513593cc4f9d75e52a2f16aab14a3162260602806e7a64366,Apple M1 Max,Darwin 25.5.0 arm64,bench,unchecked,10,5,1,2^100-15,SHA-256,1/2,4,absent_in_latency_binary;shared_atomic_peak_allocator_in_memory_binary,0x5533326d756c0064,latency,1,skip-k3,3,delayed-barrett,barrett,8,12,8,1,16,65536,4,72.089500000,7.300375000,1.205333000,2.253500000,3.776875000,0.005458000,64.608041000,0.016584000,9.783000000,5.544542000,0.005500000,4.170375000,0.022500000,true,65536,1,262144,196608,262144,8388608,1048576,1856,137324,0xb644a9fa81cbc134,58.913792,16.901691,1
u32 x u32 -> u64 Spartan PIOP + F2Z,2026-08-28,2026-08-28T06:11:09Z,953825e0612cd78c28bbef47d25176f95a326d8e,true,7b89576a7a0477e51a7004b072444e810a982fd08f9950b9a8e68b00d18c25f0,4d857f49d8deaea513593cc4f9d75e52a2f16aab14a3162260602806e7a64366,Apple M1 Max,Darwin 25.5.0 arm64,bench,unchecked,10,5,1,2^100-15,SHA-256,1/2,4,absent_in_latency_binary;shared_atomic_peak_allocator_in_memory_binary,0x5533326d756c0064,latency,1,skip-k3,3,delayed-barrett,barrett,8,13,8,1,17,131072,0,74.783542000,12.718292000,1.599750000,4.543333000,6.468667000,0.007417000,61.819792000,0.320208000,16.287625000,11.064542000,0.009917000,5.147709000,0.347958000,true,131072,1,524288,393216,524288,16777216,2097152,1968,150216,0xd49c273c069e3d01,117.727299,33.714436,1
u32 x u32 -> u64 Spartan PIOP + F2Z,2026-08-28,2026-08-28T06:11:09Z,953825e0612cd78c28bbef47d25176f95a326d8e,true,7b89576a7a0477e51a7004b072444e810a982fd08f9950b9a8e68b00d18c25f0,4d857f49d8deaea513593cc4f9d75e52a2f16aab14a3162260602806e7a64366,Apple M1 Max,Darwin 25.5.0 arm64,bench,unchecked,10,5,1,2^100-15,SHA-256,1/2,4,absent_in_latency_binary;shared_atomic_peak_allocator_in_memory_binary,0x5533326d756c0064,latency,1,skip-k3,3,delayed-barrett,barrett,8,13,8,1,17,131072,1,73.528917000,12.827584000,1.751041000,4.630542000,6.335166000,0.006333000,60.418875000,0.281667000,15.827916000,10.971750000,0.009875000,4.786250000,0.363458000,true,131072,1,524288,393216,524288,16777216,2097152,1968,150216,0xd49c273c069e3d01,117.727299,33.714436,1
u32 x u32 -> u64 Spartan PIOP + F2Z,2026-08-28,2026-08-28T06:11:09Z,953825e0612cd78c28bbef47d25176f95a326d8e,true,7b89576a7a0477e51a7004b072444e810a982fd08f9950b9a8e68b00d18c25f0,4d857f49d8deaea513593cc4f9d75e52a2f16aab14a3162260602806e7a64366,Apple M1 Max,Darwin 25.5.0 arm64,bench,unchecked,10,5,1,2^100-15,SHA-256,1/2,4,absent_in_latency_binary;shared_atomic_peak_allocator_in_memory_binary,0x5533326d756c0064,latency,1,skip-k3,3,delayed-barrett,barrett,8,13,8,1,17,131072,2,76.925750000,12.459167000,1.682042000,4.594541000,6.075084000,0.007000000,64.209458000,0.329583000,15.737583000,11.024916000,0.011209000,4.632500000,0.353959000,true,131072,1,524288,393216,524288,16777216,2097152,1968,150216,0xd49c273c069e3d01,117.727299,33.714436,1
u32 x u32 -> u64 Spartan PIOP + F2Z,2026-08-28,2026-08-28T06:11:09Z,953825e0612cd78c28bbef47d25176f95a326d8e,true,7b89576a7a0477e51a7004b072444e810a982fd08f9950b9a8e68b00d18c25f0,4d857f49d8deaea513593cc4f9d75e52a2f16aab14a3162260602806e7a64366,Apple M1 Max,Darwin 25.5.0 arm64,bench,unchecked,10,5,1,2^100-15,SHA-256,1/2,4,absent_in_latency_binary;shared_atomic_peak_allocator_in_memory_binary,0x5533326d756c0064,latency,1,skip-k3,3,delayed-barrett,barrett,8,13,8,1,17,131072,3,71.906083000,12.243542000,1.611459000,4.444583000,6.077000000,0.020125000,59.354084000,0.272833000,15.136708000,11.093583000,0.010125000,3.966375000,0.388250000,true,131072,1,524288,393216,524288,16777216,2097152,1968,150216,0xd49c273c069e3d01,117.727299,33.714436,1
u32 x u32 -> u64 Spartan PIOP + F2Z,2026-08-28,2026-08-28T06:11:09Z,953825e0612cd78c28bbef47d25176f95a326d8e,true,7b89576a7a0477e51a7004b072444e810a982fd08f9950b9a8e68b00d18c25f0,4d857f49d8deaea513593cc4f9d75e52a2f16aab14a3162260602806e7a64366,Apple M1 Max,Darwin 25.5.0 arm64,bench,unchecked,10,5,1,2^100-15,SHA-256,1/2,4,absent_in_latency_binary;shared_atomic_peak_allocator_in_memory_binary,0x5533326d756c0064,latency,1,skip-k3,3,delayed-barrett,barrett,8,13,8,1,17,131072,4,76.542458000,14.356458000,2.121500000,4.391167000,7.739292000,0.006667000,61.917292000,0.276042000,15.435708000,11.096417000,0.009708000,4.267541000,0.325500000,true,131072,1,524288,393216,524288,16777216,2097152,1968,150216,0xd49c273c069e3d01,117.727299,33.714436,1
u32 x u32 -> u64 Spartan PIOP + F2Z,2026-08-28,2026-08-28T06:11:09Z,953825e0612cd78c28bbef47d25176f95a326d8e,true,7b89576a7a0477e51a7004b072444e810a982fd08f9950b9a8e68b00d18c25f0,4d857f49d8deaea513593cc4f9d75e52a2f16aab14a3162260602806e7a64366,Apple M1 Max,Darwin 25.5.0 arm64,bench,unchecked,10,5,1,2^100-15,SHA-256,1/2,4,absent_in_latency_binary;shared_atomic_peak_allocator_in_memory_binary,0x5533326d756c0064,latency,1,skip-k3,3,delayed-barrett,barrett,8,13,9,1,18,262144,0,126.662250000,32.217875000,2.528708000,8.840125000,20.641000000,0.006208000,93.577166000,0.302375000,27.267417000,22.145084000,0.010917000,5.033541000,0.274333000,true,262144,1,1048576,786432,1048576,33554432,4194304,2080,164880,0x4ad5bd678650b91e,235.359501,67.345875,1
u32 x u32 -> u64 Spartan PIOP + F2Z,2026-08-28,2026-08-28T06:11:09Z,953825e0612cd78c28bbef47d25176f95a326d8e,true,7b89576a7a0477e51a7004b072444e810a982fd08f9950b9a8e68b00d18c25f0,4d857f49d8deaea513593cc4f9d75e52a2f16aab14a3162260602806e7a64366,Apple M1 Max,Darwin 25.5.0 arm64,bench,unchecked,10,5,1,2^100-15,SHA-256,1/2,4,absent_in_latency_binary;shared_atomic_peak_allocator_in_memory_binary,0x5533326d756c0064,latency,1,skip-k3,3,delayed-barrett,barrett,8,13,9,1,18,262144,1,119.328125000,31.132750000,2.943792000,11.962083000,16.028791000,0.007125000,87.716833000,0.318125000,26.827375000,21.938458000,0.010041000,4.796750000,0.262333000,true,262144,1,1048576,786432,1048576,33554432,4194304,2080,164880,0x4ad5bd678650b91e,235.359501,67.345875,1
u32 x u32 -> u64 Spartan PIOP + F2Z,2026-08-28,2026-08-28T06:11:09Z,953825e0612cd78c28bbef47d25176f95a326d8e,true,7b89576a7a0477e51a7004b072444e810a982fd08f9950b9a8e68b00d18c25f0,4d857f49d8deaea513593cc4f9d75e52a2f16aab14a3162260602806e7a64366,Apple M1 Max,Darwin 25.5.0 arm64,bench,unchecked,10,5,1,2^100-15,SHA-256,1/2,4,absent_in_latency_binary;shared_atomic_peak_allocator_in_memory_binary,0x5533326d756c0064,latency,1,skip-k3,3,delayed-barrett,barrett,8,13,9,1,18,262144,2,114.152542000,23.750500000,2.297791000,8.898334000,12.358584000,0.006667000,89.921041000,0.217708000,27.251084000,22.320375000,0.009250000,4.849208000,0.361666000,true,262144,1,1048576,786432,1048576,33554432,4194304,2080,164880,0x4ad5bd678650b91e,235.359501,67.345875,1
u32 x u32 -> u64 Spartan PIOP + F2Z,2026-08-28,2026-08-28T06:11:09Z,953825e0612cd78c28bbef47d25176f95a326d8e,true,7b89576a7a0477e51a7004b072444e810a982fd08f9950b9a8e68b00d18c25f0,4d857f49d8deaea513593cc4f9d75e52a2f16aab14a3162260602806e7a64366,Apple M1 Max,Darwin 25.5.0 arm64,bench,unchecked,10,5,1,2^100-15,SHA-256,1/2,4,absent_in_latency_binary;shared_atomic_peak_allocator_in_memory_binary,0x5533326d756c0064,latency,1,skip-k3,3,delayed-barrett,barrett,8,13,9,1,18,262144,3,110.629125000,22.486875000,2.420792000,8.817750000,11.060875000,0.007250000,87.767375000,0.282542000,27.129333000,21.960000000,0.009042000,5.065709000,0.254625000,true,262144,1,1048576,786432,1048576,33554432,4194304,2080,164880,0x4ad5bd678650b91e,235.359501,67.345875,1
u32 x u32 -> u64 Spartan PIOP + F2Z,2026-08-28,2026-08-28T06:11:09Z,953825e0612cd78c28bbef47d25176f95a326d8e,true,7b89576a7a0477e51a7004b072444e810a982fd08f9950b9a8e68b00d18c25f0,4d857f49d8deaea513593cc4f9d75e52a2f16aab14a3162260602806e7a64366,Apple M1 Max,Darwin 25.5.0 arm64,bench,unchecked,10,5,1,2^100-15,SHA-256,1/2,4,absent_in_latency_binary;shared_atomic_peak_allocator_in_memory_binary,0x5533326d756c0064,latency,1,skip-k3,3,delayed-barrett,barrett,8,13,9,1,18,262144,4,117.579333000,22.983333000,2.694833000,8.851084000,11.240292000,0.006584000,94.131417000,0.305834000,27.455959000,22.145875000,0.009917000,5.203333000,0.395375000,true,262144,1,1048576,786432,1048576,33554432,4194304,2080,164880,0x4ad5bd678650b91e,235.359501,67.345875,1
u32 x u32 -> u64 Spartan PIOP + F2Z,2026-08-28,2026-08-28T06:11:09Z,953825e0612cd78c28bbef47d25176f95a326d8e,true,7b89576a7a0477e51a7004b072444e810a982fd08f9950b9a8e68b00d18c25f0,4d857f49d8deaea513593cc4f9d75e52a2f16aab14a3162260602806e7a64366,Apple M1 Max,Darwin 25.5.0 arm64,bench,unchecked,10,5,1,2^100-15,SHA-256,1/2,4,absent_in_latency_binary;shared_atomic_peak_allocator_in_memory_binary,0x5533326d756c0064,latency,1,skip-k3,3,delayed-barrett,barrett,8,14,9,1,19,524288,0,230.146000000,62.209750000,3.833667000,18.275541000,39.736750000,0.009084000,166.073250000,0.823667000,49.436417000,44.240459000,0.010875000,5.104041000,0.533166000,true,524288,1,2097152,1572864,2097152,67108864,8388608,2192,186340,0xeb2d3aa907eb35eb,470.609585,134.595142,1
u32 x u32 -> u64 Spartan PIOP + F2Z,2026-08-28,2026-08-28T06:11:09Z,953825e0612cd78c28bbef47d25176f95a326d8e,true,7b89576a7a0477e51a7004b072444e810a982fd08f9950b9a8e68b00d18c25f0,4d857f49d8deaea513593cc4f9d75e52a2f16aab14a3162260602806e7a64366,Apple M1 Max,Darwin 25.5.0 arm64,bench,unchecked,10,5,1,2^100-15,SHA-256,1/2,4,absent_in_latency_binary;shared_atomic_peak_allocator_in_memory_binary,0x5533326d756c0064,latency,1,skip-k3,3,delayed-barrett,barrett,8,14,9,1,19,524288,1,218.241750000,42.612708000,4.398875000,17.914791000,19.924750000,0.006875000,174.805625000,0.462541000,49.010875000,43.519625000,0.008167000,5.401000000,0.698125000,true,524288,1,2097152,1572864,2097152,67108864,8388608,2192,186340,0xeb2d3aa907eb35eb,470.609585,134.595142,1
u32 x u32 -> u64 Spartan PIOP + F2Z,2026-08-28,2026-08-28T06:11:09Z,953825e0612cd78c28bbef47d25176f95a326d8e,true,7b89576a7a0477e51a7004b072444e810a982fd08f9950b9a8e68b00d18c25f0,4d857f49d8deaea513593cc4f9d75e52a2f16aab14a3162260602806e7a64366,Apple M1 Max,Darwin 25.5.0 arm64,bench,unchecked,10,5,1,2^100-15,SHA-256,1/2,4,absent_in_latency_binary;shared_atomic_peak_allocator_in_memory_binary,0x5533326d756c0064,latency,1,skip-k3,3,delayed-barrett,barrett,8,14,9,1,19,524288,2,219.864291000,48.132334000,4.414375000,18.288292000,25.068958000,0.006583000,170.996084000,0.546500000,49.937750000,44.007583000,0.009334000,5.841584000,0.498459000,true,524288,1,2097152,1572864,2097152,67108864,8388608,2192,186340,0xeb2d3aa907eb35eb,470.609585,134.595142,1
u32 x u32 -> u64 Spartan PIOP + F2Z,2026-08-28,2026-08-28T06:11:09Z,953825e0612cd78c28bbef47d25176f95a326d8e,true,7b89576a7a0477e51a7004b072444e810a982fd08f9950b9a8e68b00d18c25f0,4d857f49d8deaea513593cc4f9d75e52a2f16aab14a3162260602806e7a64366,Apple M1 Max,Darwin 25.5.0 arm64,bench,unchecked,10,5,1,2^100-15,SHA-256,1/2,4,absent_in_latency_binary;shared_atomic_peak_allocator_in_memory_binary,0x5533326d756c0064,latency,1,skip-k3,3,delayed-barrett,barrett,8,14,9,1,19,524288,3,229.555250000,44.127292000,3.841833000,17.885875000,22.039291000,0.006917000,184.702875000,0.625959000,49.261750000,43.933333000,0.011750000,5.242209000,0.526292000,true,524288,1,2097152,1572864,2097152,67108864,8388608,2192,186340,0xeb2d3aa907eb35eb,470.609585,134.595142,1
u32 x u32 -> u64 Spartan PIOP + F2Z,2026-08-28,2026-08-28T06:11:09Z,953825e0612cd78c28bbef47d25176f95a326d8e,true,7b89576a7a0477e51a7004b072444e810a982fd08f9950b9a8e68b00d18c25f0,4d857f49d8deaea513593cc4f9d75e52a2f16aab14a3162260602806e7a64366,Apple M1 Max,Darwin 25.5.0 arm64,bench,unchecked,10,5,1,2^100-15,SHA-256,1/2,4,absent_in_latency_binary;shared_atomic_peak_allocator_in_memory_binary,0x5533326d756c0064,latency,1,skip-k3,3,delayed-barrett,barrett,8,14,9,1,19,524288,4,199.938625000,42.814750000,3.950292000,17.697875000,20.804208000,0.006625000,156.273334000,0.355542000,49.613584000,43.943083000,0.008834000,5.582459000,0.426167000,true,524288,1,2097152,1572864,2097152,67108864,8388608,2192,186340,0xeb2d3aa907eb35eb,470.609585,134.595142,1
u32 x u32 -> u64 Spartan PIOP + F2Z,2026-08-28,2026-08-28T06:11:09Z,953825e0612cd78c28bbef47d25176f95a326d8e,true,7b89576a7a0477e51a7004b072444e810a982fd08f9950b9a8e68b00d18c25f0,4d857f49d8deaea513593cc4f9d75e52a2f16aab14a3162260602806e7a64366,Apple M1 Max,Darwin 25.5.0 arm64,bench,unchecked,10,5,1,2^100-15,SHA-256,1/2,4,absent_in_latency_binary;shared_atomic_peak_allocator_in_memory_binary,0x5533326d756c0064,latency,1,skip-k3,3,delayed-barrett,barrett,8,14,10,1,20,1048576,0,440.412500000,111.931250000,7.225125000,35.781875000,68.207208000,0.006625000,324.576125000,0.427417000,113.984125000,107.973875000,0.009875000,5.918250000,0.756292000,true,1048576,1,4194304,3145728,4194304,134217728,16777216,2304,208368,0x0966b01084bdb1c0,941.122494,269.107288,1
u32 x u32 -> u64 Spartan PIOP + F2Z,2026-08-28,2026-08-28T06:11:09Z,953825e0612cd78c28bbef47d25176f95a326d8e,true,7b89576a7a0477e51a7004b072444e810a982fd08f9950b9a8e68b00d18c25f0,4d857f49d8deaea513593cc4f9d75e52a2f16aab14a3162260602806e7a64366,Apple M1 Max,Darwin 25.5.0 arm64,bench,unchecked,10,5,1,2^100-15,SHA-256,1/2,4,absent_in_latency_binary;shared_atomic_peak_allocator_in_memory_binary,0x5533326d756c0064,latency,1,skip-k3,3,delayed-barrett,barrett,8,14,10,1,20,1048576,1,423.157875000,115.384542000,9.029834000,35.751125000,69.900750000,0.006792000,304.332042000,0.930000000,95.224666000,89.024834000,0.009833000,6.117291000,0.671291000,true,1048576,1,4194304,3145728,4194304,134217728,16777216,2304,208368,0x0966b01084bdb1c0,941.122494,269.107288,1
u32 x u32 -> u64 Spartan PIOP + F2Z,2026-08-28,2026-08-28T06:11:09Z,953825e0612cd78c28bbef47d25176f95a326d8e,true,7b89576a7a0477e51a7004b072444e810a982fd08f9950b9a8e68b00d18c25f0,4d857f49d8deaea513593cc4f9d75e52a2f16aab14a3162260602806e7a64366,Apple M1 Max,Darwin 25.5.0 arm64,bench,unchecked,10,5,1,2^100-15,SHA-256,1/2,4,absent_in_latency_binary;shared_atomic_peak_allocator_in_memory_binary,0x5533326d756c0064,latency,1,skip-k3,3,delayed-barrett,barrett,8,14,10,1,20,1048576,2,469.397917000,112.633375000,13.052250000,35.549666000,63.324542000,0.007583000,355.264541000,0.542125000,94.700042000,88.666916000,0.034208000,5.916333000,0.658667000,true,1048576,1,4194304,3145728,4194304,134217728,16777216,2304,208368,0x0966b01084bdb1c0,941.122494,269.107288,1
u32 x u32 -> u64 Spartan PIOP + F2Z,2026-08-28,2026-08-28T06:11:09Z,953825e0612cd78c28bbef47d25176f95a326d8e,true,7b89576a7a0477e51a7004b072444e810a982fd08f9950b9a8e68b00d18c25f0,4d857f49d8deaea513593cc4f9d75e52a2f16aab14a3162260602806e7a64366,Apple M1 Max,Darwin 25.5.0 arm64,bench,unchecked,10,5,1,2^100-15,SHA-256,1/2,4,absent_in_latency_binary;shared_atomic_peak_allocator_in_memory_binary,0x5533326d756c0064,latency,1,skip-k3,3,delayed-barrett,barrett,8,14,10,1,20,1048576,3,453.424458000,87.152833000,8.891500000,35.931875000,41.612417000,0.006958000,364.608834000,0.504417000,97.535875000,90.550625000,0.009750000,6.901875000,0.588084000,true,1048576,1,4194304,3145728,4194304,134217728,16777216,2304,208368,0x0966b01084bdb1c0,941.122494,269.107288,1
u32 x u32 -> u64 Spartan PIOP + F2Z,2026-08-28,2026-08-28T06:11:09Z,953825e0612cd78c28bbef47d25176f95a326d8e,true,7b89576a7a0477e51a7004b072444e810a982fd08f9950b9a8e68b00d18c25f0,4d857f49d8deaea513593cc4f9d75e52a2f16aab14a3162260602806e7a64366,Apple M1 Max,Darwin 25.5.0 arm64,bench,unchecked,10,5,1,2^100-15,SHA-256,1/2,4,absent_in_latency_binary;shared_atomic_peak_allocator_in_memory_binary,0x5533326d756c0064,latency,1,skip-k3,3,delayed-barrett,barrett,8,14,10,1,20,1048576,4,405.911750000,92.437916000,9.332083000,38.454416000,43.940375000,0.006917000,312.060834000,0.411750000,94.438542000,88.410458000,0.010750000,5.941583000,0.607375000,true,1048576,1,4194304,3145728,4194304,134217728,16777216,2304,208368,0x0966b01084bdb1c0,941.122494,269.107288,1
u32 x u32 -> u64 Spartan PIOP + F2Z,2026-08-28,2026-08-28T06:11:09Z,953825e0612cd78c28bbef47d25176f95a326d8e,true,7b89576a7a0477e51a7004b072444e810a982fd08f9950b9a8e68b00d18c25f0,4d857f49d8deaea513593cc4f9d75e52a2f16aab14a3162260602806e7a64366,Apple M1 Max,Darwin 25.5.0 arm64,bench,unchecked,10,5,1,2^100-15,SHA-256,1/2,4,absent_in_latency_binary;shared_atomic_peak_allocator_in_memory_binary,0x5533326d756c0064,latency,1,skip-k3,3,delayed-barrett,barrett,8,15,10,1,21,2097152,0,919.942375000,219.774458000,13.048750000,71.187167000,134.102750000,0.007083000,693.035750000,0.599209000,221.315625000,213.326500000,0.011083000,7.889375000,0.915417000,true,2097152,1,8388608,6291456,8388608,268435456,33554432,2416,222548,0xafbfce5a04702ddd,1882.123745,538.107777,1
u32 x u32 -> u64 Spartan PIOP + F2Z,2026-08-28,2026-08-28T06:11:09Z,953825e0612cd78c28bbef47d25176f95a326d8e,true,7b89576a7a0477e51a7004b072444e810a982fd08f9950b9a8e68b00d18c25f0,4d857f49d8deaea513593cc4f9d75e52a2f16aab14a3162260602806e7a64366,Apple M1 Max,Darwin 25.5.0 arm64,bench,unchecked,10,5,1,2^100-15,SHA-256,1/2,4,absent_in_latency_binary;shared_atomic_peak_allocator_in_memory_binary,0x5533326d756c0064,latency,1,skip-k3,3,delayed-barrett,barrett,8,15,10,1,21,2097152,1,1127.993375000,234.645209000,14.501083000,72.321459000,146.341000000,0.007791000,886.628292000,0.698458000,185.138916000,176.937708000,0.009916000,8.099542000,0.967250000,true,2097152,1,8388608,6291456,8388608,268435456,33554432,2416,222548,0xafbfce5a04702ddd,1882.123745,538.107777,1
u32 x u32 -> u64 Spartan PIOP + F2Z,2026-08-28,2026-08-28T06:11:09Z,953825e0612cd78c28bbef47d25176f95a326d8e,true,7b89576a7a0477e51a7004b072444e810a982fd08f9950b9a8e68b00d18c25f0,4d857f49d8deaea513593cc4f9d75e52a2f16aab14a3162260602806e7a64366,Apple M1 Max,Darwin 25.5.0 arm64,bench,unchecked,10,5,1,2^100-15,SHA-256,1/2,4,absent_in_latency_binary;shared_atomic_peak_allocator_in_memory_binary,0x5533326d756c0064,latency,1,skip-k3,3,delayed-barrett,barrett,8,15,10,1,21,2097152,2,836.487584000,163.621500000,12.319791000,71.230458000,78.646208000,0.008167000,669.522708000,0.841292000,184.654958000,176.719208000,0.010792000,7.843542000,0.859625000,true,2097152,1,8388608,6291456,8388608,268435456,33554432,2416,222548,0xafbfce5a04702ddd,1882.123745,538.107777,1
u32 x u32 -> u64 Spartan PIOP + F2Z,2026-08-28,2026-08-28T06:11:09Z,953825e0612cd78c28bbef47d25176f95a326d8e,true,7b89576a7a0477e51a7004b072444e810a982fd08f9950b9a8e68b00d18c25f0,4d857f49d8deaea513593cc4f9d75e52a2f16aab14a3162260602806e7a64366,Apple M1 Max,Darwin 25.5.0 arm64,bench,unchecked,10,5,1,2^100-15,SHA-256,1/2,4,absent_in_latency_binary;shared_atomic_peak_allocator_in_memory_binary,0x5533326d756c0064,latency,1,skip-k3,3,delayed-barrett,barrett,8,15,10,1,21,2097152,3,917.747417000,185.532916000,33.012000000,71.075209000,80.065625000,0.008000000,729.664125000,0.658708000,190.149875000,182.489916000,0.010333000,7.565458000,1.023833000,true,2097152,1,8388608,6291456,8388608,268435456,33554432,2416,222548,0xafbfce5a04702ddd,1882.123745,538.107777,1
u32 x u32 -> u64 Spartan PIOP + F2Z,2026-08-28,2026-08-28T06:11:09Z,953825e0612cd78c28bbef47d25176f95a326d8e,true,7b89576a7a0477e51a7004b072444e810a982fd08f9950b9a8e68b00d18c25f0,4d857f49d8deaea513593cc4f9d75e52a2f16aab14a3162260602806e7a64366,Apple M1 Max,Darwin 25.5.0 arm64,bench,unchecked,10,5,1,2^100-15,SHA-256,1/2,4,absent_in_latency_binary;shared_atomic_peak_allocator_in_memory_binary,0x5533326d756c0064,latency,1,skip-k3,3,delayed-barrett,barrett,8,15,10,1,21,2097152,4,875.117333000,167.501708000,13.532042000,74.015500000,78.570125000,0.006625000,704.868333000,0.722041000,184.788917000,176.549833000,0.010417000,8.145292000,0.951834000,true,2097152,1,8388608,6291456,8388608,268435456,33554432,2416,222548,0xafbfce5a04702ddd,1882.123745,538.107777,1
u32 x u32 -> u64 Spartan PIOP + F2Z,2026-08-28,2026-08-28T06:11:09Z,953825e0612cd78c28bbef47d25176f95a326d8e,true,7b89576a7a0477e51a7004b072444e810a982fd08f9950b9a8e68b00d18c25f0,4d857f49d8deaea513593cc4f9d75e52a2f16aab14a3162260602806e7a64366,Apple M1 Max,Darwin 25.5.0 arm64,bench,unchecked,10,5,1,2^100-15,SHA-256,1/2,4,absent_in_latency_binary;shared_atomic_peak_allocator_in_memory_binary,0x5533326d756c0064,latency,1,skip-k3,3,delayed-barrett,barrett,8,15,11,1,22,4194304,0,1910.193291000,452.600792000,25.727833000,143.310583000,280.809834000,0.011250000,1443.130500000,0.694584000,436.008667000,427.219875000,0.011041000,8.693958000,0.954958000,true,4194304,1,16777216,12582912,16777216,536870912,67108864,2528,259252,0xcdf7479d850aa9aa,3764.147633,1076.130848,1
u32 x u32 -> u64 Spartan PIOP + F2Z,2026-08-28,2026-08-28T06:11:09Z,953825e0612cd78c28bbef47d25176f95a326d8e,true,7b89576a7a0477e51a7004b072444e810a982fd08f9950b9a8e68b00d18c25f0,4d857f49d8deaea513593cc4f9d75e52a2f16aab14a3162260602806e7a64366,Apple M1 Max,Darwin 25.5.0 arm64,bench,unchecked,10,5,1,2^100-15,SHA-256,1/2,4,absent_in_latency_binary;shared_atomic_peak_allocator_in_memory_binary,0x5533326d756c0064,latency,1,skip-k3,3,delayed-barrett,barrett,8,15,11,1,22,4194304,1,1818.084667000,451.641167000,28.679583000,144.799791000,275.392167000,0.007542000,1352.546000000,0.638667000,361.086958000,353.494334000,0.010125000,7.497500000,0.634792000,true,4194304,1,16777216,12582912,16777216,536870912,67108864,2528,259252,0xcdf7479d850aa9aa,3764.147633,1076.130848,1
u32 x u32 -> u64 Spartan PIOP + F2Z,2026-08-28,2026-08-28T06:11:09Z,953825e0612cd78c28bbef47d25176f95a326d8e,true,7b89576a7a0477e51a7004b072444e810a982fd08f9950b9a8e68b00d18c25f0,4d857f49d8deaea513593cc4f9d75e52a2f16aab14a3162260602806e7a64366,Apple M1 Max,Darwin 25.5.0 arm64,bench,unchecked,10,5,1,2^100-15,SHA-256,1/2,4,absent_in_latency_binary;shared_atomic_peak_allocator_in_memory_binary,0x5533326d756c0064,latency,1,skip-k3,3,delayed-barrett,barrett,8,15,11,1,22,4194304,2,1711.565167000,339.317375000,23.809458000,145.642750000,167.088333000,0.007166000,1367.127500000,0.858416000,358.494167000,350.792250000,0.011000000,7.606916000,0.789583000,true,4194304,1,16777216,12582912,16777216,536870912,67108864,2528,259252,0xcdf7479d850aa9aa,3764.147633,1076.130848,1
u32 x u32 -> u64 Spartan PIOP + F2Z,2026-08-28,2026-08-28T06:11:09Z,953825e0612cd78c28bbef47d25176f95a326d8e,true,7b89576a7a0477e51a7004b072444e810a982fd08f9950b9a8e68b00d18c25f0,4d857f49d8deaea513593cc4f9d75e52a2f16aab14a3162260602806e7a64366,Apple M1 Max,Darwin 25.5.0 arm64,bench,unchecked,10,5,1,2^100-15,SHA-256,1/2,4,absent_in_latency_binary;shared_atomic_peak_allocator_in_memory_binary,0x5533326d756c0064,latency,1,skip-k3,3,delayed-barrett,barrett,8,15,11,1,22,4194304,3,1688.462042000,319.155708000,24.298459000,142.070708000,150.025750000,0.007167000,1363.729208000,0.878792000,358.724208000,350.734250000,0.010667000,7.895833000,0.717250000,true,4194304,1,16777216,12582912,16777216,536870912,67108864,2528,259252,0xcdf7479d850aa9aa,3764.147633,1076.130848,1
u32 x u32 -> u64 Spartan PIOP + F2Z,2026-08-28,2026-08-28T06:11:09Z,953825e0612cd78c28bbef47d25176f95a326d8e,true,7b89576a7a0477e51a7004b072444e810a982fd08f9950b9a8e68b00d18c25f0,4d857f49d8deaea513593cc4f9d75e52a2f16aab14a3162260602806e7a64366,Apple M1 Max,Darwin 25.5.0 arm64,bench,unchecked,10,5,1,2^100-15,SHA-256,1/2,4,absent_in_latency_binary;shared_atomic_peak_allocator_in_memory_binary,0x5533326d756c0064,latency,1,skip-k3,3,delayed-barrett,barrett,8,15,11,1,22,4194304,4,1752.457833000,326.165458000,25.814209000,146.335375000,151.227125000,0.007250000,1420.272042000,0.693042000,359.969166000,351.396542000,0.010750000,8.477375000,1.238833000,true,4194304,1,16777216,12582912,16777216,536870912,67108864,2528,259252,0xcdf7479d850aa9aa,3764.147633,1076.130848,1
u32 x u32 -> u64 Spartan PIOP + F2Z,2026-08-28,2026-08-28T06:11:09Z,953825e0612cd78c28bbef47d25176f95a326d8e,true,7b89576a7a0477e51a7004b072444e810a982fd08f9950b9a8e68b00d18c25f0,4d857f49d8deaea513593cc4f9d75e52a2f16aab14a3162260602806e7a64366,Apple M1 Max,Darwin 25.5.0 arm64,bench,unchecked,10,5,1,2^100-15,SHA-256,1/2,4,absent_in_latency_binary;shared_atomic_peak_allocator_in_memory_binary,0x5533326d756c0064,latency,1,skip-k3,3,delayed-barrett,barrett,8,16,11,1,23,8388608,0,4065.536250000,901.322500000,50.075875000,288.529459000,557.032458000,0.007750000,3133.904667000,0.981292000,716.455583000,706.866750000,0.011792000,9.492292000,1.222084000,true,8388608,1,33554432,25165824,33554432,1073741824,134217728,2640,276064,0x63c8ddc71add2587,7528.148640,2152.131092,1
u32 x u32 -> u64 Spartan PIOP + F2Z,2026-08-28,2026-08-28T06:11:09Z,953825e0612cd78c28bbef47d25176f95a326d8e,true,7b89576a7a0477e51a7004b072444e810a982fd08f9950b9a8e68b00d18c25f0,4d857f49d8deaea513593cc4f9d75e52a2f16aab14a3162260602806e7a64366,Apple M1 Max,Darwin 25.5.0 arm64,bench,unchecked,10,5,1,2^100-15,SHA-256,1/2,4,absent_in_latency_binary;shared_atomic_peak_allocator_in_memory_binary,0x5533326d756c0064,latency,1,skip-k3,3,delayed-barrett,barrett,8,16,11,1,23,8388608,1,3934.379166000,645.914958000,45.246750000,286.639834000,308.350125000,0.009042000,3277.399167000,1.173417000,720.467917000,710.014334000,0.011666000,10.350083000,1.130750000,true,8388608,1,33554432,25165824,33554432,1073741824,134217728,2640,276064,0x63c8ddc71add2587,7528.148640,2152.131092,1
u32 x u32 -> u64 Spartan PIOP + F2Z,2026-08-28,2026-08-28T06:11:09Z,953825e0612cd78c28bbef47d25176f95a326d8e,true,7b89576a7a0477e51a7004b072444e810a982fd08f9950b9a8e68b00d18c25f0,4d857f49d8deaea513593cc4f9d75e52a2f16aab14a3162260602806e7a64366,Apple M1 Max,Darwin 25.5.0 arm64,bench,unchecked,10,5,1,2^100-15,SHA-256,1/2,4,absent_in_latency_binary;shared_atomic_peak_allocator_in_memory_binary,0x5533326d756c0064,latency,1,skip-k3,3,delayed-barrett,barrett,8,16,11,1,23,8388608,2,3990.905584000,649.656542000,45.231542000,288.559000000,310.040000000,0.007667000,3330.247792000,0.995125000,718.783875000,709.106334000,0.011542000,9.571500000,1.089500000,true,8388608,1,33554432,25165824,33554432,1073741824,134217728,2640,276064,0x63c8ddc71add2587,7528.148640,2152.131092,1
u32 x u32 -> u64 Spartan PIOP + F2Z,2026-08-28,2026-08-28T06:11:09Z,953825e0612cd78c28bbef47d25176f95a326d8e,true,7b89576a7a0477e51a7004b072444e810a982fd08f9950b9a8e68b00d18c25f0,4d857f49d8deaea513593cc4f9d75e52a2f16aab14a3162260602806e7a64366,Apple M1 Max,Darwin 25.5.0 arm64,bench,unchecked,10,5,1,2^100-15,SHA-256,1/2,4,absent_in_latency_binary;shared_atomic_peak_allocator_in_memory_binary,0x5533326d756c0064,latency,1,skip-k3,3,delayed-barrett,barrett,8,16,11,1,23,8388608,3,4115.062333000,658.596041000,48.862917000,287.509416000,316.736167000,0.029084000,3445.003083000,0.929542000,887.503916000,876.372208000,0.012542000,11.033042000,1.590959000,true,8388608,1,33554432,25165824,33554432,1073741824,134217728,2640,276064,0x63c8ddc71add2587,7528.148640,2152.131092,1
u32 x u32 -> u64 Spartan PIOP + F2Z,2026-08-28,2026-08-28T06:11:09Z,953825e0612cd78c28bbef47d25176f95a326d8e,true,7b89576a7a0477e51a7004b072444e810a982fd08f9950b9a8e68b00d18c25f0,4d857f49d8deaea513593cc4f9d75e52a2f16aab14a3162260602806e7a64366,Apple M1 Max,Darwin 25.5.0 arm64,bench,unchecked,10,5,1,2^100-15,SHA-256,1/2,4,absent_in_latency_binary;shared_atomic_peak_allocator_in_memory_binary,0x5533326d756c0064,latency,1,skip-k3,3,delayed-barrett,barrett,8,16,11,1,23,8388608,4,4361.280584000,730.016375000,49.061417000,287.948375000,387.320167000,0.007750000,3600.904417000,0.739291000,711.842709000,702.404041000,0.010917000,9.340000000,1.475375000,true,8388608,1,33554432,25165824,33554432,1073741824,134217728,2640,276064,0x63c8ddc71add2587,7528.148640,2152.131092,1
u32 x u32 -> u64 Spartan PIOP + F2Z,2026-08-28,2026-08-28T06:11:09Z,953825e0612cd78c28bbef47d25176f95a326d8e,true,7b89576a7a0477e51a7004b072444e810a982fd08f9950b9a8e68b00d18c25f0,4d857f49d8deaea513593cc4f9d75e52a2f16aab14a3162260602806e7a64366,Apple M1 Max,Darwin 25.5.0 arm64,bench,unchecked,10,5,1,2^100-15,SHA-256,1/2,4,absent_in_latency_binary;shared_atomic_peak_allocator_in_memory_binary,0x5533326d756c0064,latency,1,skip-k3,3,delayed-barrett,barrett,8,16,12,1,24,16777216,0,8706.340416000,2297.676958000,119.304375000,972.206583000,1194.893292000,0.008708000,6339.791375000,0.883541000,3066.271208000,3054.568125000,0.026917000,11.575042000,1.061375000,true,16777216,1,67108864,50331648,67108864,2147483648,268435456,2752,322732,0x80005b0e9b97a19c,15056.197498,4304.179188,1
u32 x u32 -> u64 Spartan PIOP + F2Z,2026-08-28,2026-08-28T06:11:09Z,953825e0612cd78c28bbef47d25176f95a326d8e,true,7b89576a7a0477e51a7004b072444e810a982fd08f9950b9a8e68b00d18c25f0,4d857f49d8deaea513593cc4f9d75e52a2f16aab14a3162260602806e7a64366,Apple M1 Max,Darwin 25.5.0 arm64,bench,unchecked,10,5,1,2^100-15,SHA-256,1/2,4,absent_in_latency_binary;shared_atomic_peak_allocator_in_memory_binary,0x5533326d756c0064,latency,1,skip-k3,3,delayed-barrett,barrett,8,16,12,1,24,16777216,1,10068.880084000,2762.052708000,146.927291000,1003.870375000,1600.127042000,0.007542000,7223.590125000,1.120042000,1870.681167000,1859.474541000,0.011792000,11.095583000,1.080834000,true,16777216,1,67108864,50331648,67108864,2147483648,268435456,2752,322732,0x80005b0e9b97a19c,15056.197498,4304.179188,1
u32 x u32 -> u64 Spartan PIOP + F2Z,2026-08-28,2026-08-28T06:11:09Z,953825e0612cd78c28bbef47d25176f95a326d8e,true,7b89576a7a0477e51a7004b072444e810a982fd08f9950b9a8e68b00d18c25f0,4d857f49d8deaea513593cc4f9d75e52a2f16aab14a3162260602806e7a64366,Apple M1 Max,Darwin 25.5.0 arm64,bench,unchecked,10,5,1,2^100-15,SHA-256,1/2,4,absent_in_latency_binary;shared_atomic_peak_allocator_in_memory_binary,0x5533326d756c0064,latency,1,skip-k3,3,delayed-barrett,barrett,8,16,12,1,24,16777216,2,8472.220625000,2275.750125000,91.463291000,973.204750000,1199.869791000,0.009542000,6128.952416000,1.598500000,2566.109125000,2554.143458000,0.024208000,11.828291000,1.618542000,true,16777216,1,67108864,50331648,67108864,2147483648,268435456,2752,322732,0x80005b0e9b97a19c,15056.197498,4304.179188,1
u32 x u32 -> u64 Spartan PIOP + F2Z,2026-08-28,2026-08-28T06:11:09Z,953825e0612cd78c28bbef47d25176f95a326d8e,true,7b89576a7a0477e51a7004b072444e810a982fd08f9950b9a8e68b00d18c25f0,4d857f49d8deaea513593cc4f9d75e52a2f16aab14a3162260602806e7a64366,Apple M1 Max,Darwin 25.5.0 arm64,bench,unchecked,10,5,1,2^100-15,SHA-256,1/2,4,absent_in_latency_binary;shared_atomic_peak_allocator_in_memory_binary,0x5533326d756c0064,latency,1,skip-k3,3,delayed-barrett,barrett,8,16,12,1,24,16777216,3,8941.910834000,2042.704916000,92.018667000,979.124750000,960.545334000,0.007291000,6877.298375000,1.090750000,2216.930750000,2205.010959000,0.010791000,11.813833000,1.604500000,true,16777216,1,67108864,50331648,67108864,2147483648,268435456,2752,322732,0x80005b0e9b97a19c,15056.197498,4304.179188,1
u32 x u32 -> u64 Spartan PIOP + F2Z,2026-08-28,2026-08-28T06:11:09Z,953825e0612cd78c28bbef47d25176f95a326d8e,true,7b89576a7a0477e51a7004b072444e810a982fd08f9950b9a8e68b00d18c25f0,4d857f49d8deaea513593cc4f9d75e52a2f16aab14a3162260602806e7a64366,Apple M1 Max,Darwin 25.5.0 arm64,bench,unchecked,10,5,1,2^100-15,SHA-256,1/2,4,absent_in_latency_binary;shared_atomic_peak_allocator_in_memory_binary,0x5533326d756c0064,latency,1,skip-k3,3,delayed-barrett,barrett,8,16,12,1,24,16777216,4,8186.531583000,1814.546959000,129.169792000,1004.304792000,670.057625000,0.008541000,6302.840041000,1.063166000,1993.215417000,1981.883041000,0.010500000,11.229541000,1.264208000,true,16777216,1,67108864,50331648,67108864,2147483648,268435456,2752,322732,0x80005b0e9b97a19c,15056.197498,4304.179188,1
u32 x u32 -> u64 Spartan PIOP + F2Z,2026-08-28,2026-08-28T06:11:09Z,953825e0612cd78c28bbef47d25176f95a326d8e,true,7b89576a7a0477e51a7004b072444e810a982fd08f9950b9a8e68b00d18c25f0,4d857f49d8deaea513593cc4f9d75e52a2f16aab14a3162260602806e7a64366,Apple M1 Max,Darwin 25.5.0 arm64,bench,unchecked,10,5,1,2^100-15,SHA-256,1/2,4,absent_in_latency_binary;shared_atomic_peak_allocator_in_memory_binary,0x5533326d756c0064,latency,1,skip-k3,3,delayed-barrett,barrett,8,17,12,1,25,33554432,0,23516.706667000,6054.214917000,233.104750000,1966.741000000,3832.580584000,0.011208000,17160.135875000,1.644125000,4428.072167000,4410.866958000,0.010125000,17.082958000,2.567750000,true,33554432,1,134217728,100663296,134217728,4294967296,536870912,2864,344760,0x2659d1701b2a1e69,30112.197582,8608.178455,1
u32 x u32 -> u64 Spartan PIOP + F2Z,2026-08-28,2026-08-28T06:11:09Z,953825e0612cd78c28bbef47d25176f95a326d8e,true,7b89576a7a0477e51a7004b072444e810a982fd08f9950b9a8e68b00d18c25f0,4d857f49d8deaea513593cc4f9d75e52a2f16aab14a3162260602806e7a64366,Apple M1 Max,Darwin 25.5.0 arm64,bench,unchecked,10,5,1,2^100-15,SHA-256,1/2,4,absent_in_latency_binary;shared_atomic_peak_allocator_in_memory_binary,0x5533326d756c0064,latency,1,skip-k3,3,delayed-barrett,barrett,8,17,12,1,25,33554432,1,23481.242500000,7168.652042000,249.122750000,2001.400000000,4885.356208000,0.011917000,16165.354542000,1.214875000,6773.081708000,6754.000250000,0.022709000,18.935334000,2.571667000,true,33554432,1,134217728,100663296,134217728,4294967296,536870912,2864,344760,0x2659d1701b2a1e69,30112.197582,8608.178455,1
u32 x u32 -> u64 Spartan PIOP + F2Z,2026-08-28,2026-08-28T06:11:09Z,953825e0612cd78c28bbef47d25176f95a326d8e,true,7b89576a7a0477e51a7004b072444e810a982fd08f9950b9a8e68b00d18c25f0,4d857f49d8deaea513593cc4f9d75e52a2f16aab14a3162260602806e7a64366,Apple M1 Max,Darwin 25.5.0 arm64,bench,unchecked,10,5,1,2^100-15,SHA-256,1/2,4,absent_in_latency_binary;shared_atomic_peak_allocator_in_memory_binary,0x5533326d756c0064,latency,1,skip-k3,3,delayed-barrett,barrett,8,17,12,1,25,33554432,2,20369.658125000,5030.091584000,234.699250000,1939.930292000,2833.366583000,0.012000000,15049.042375000,1.267666000,7492.041709000,7473.054167000,0.036166000,18.848792000,1.996083000,true,33554432,1,134217728,100663296,134217728,4294967296,536870912,2864,344760,0x2659d1701b2a1e69,30112.197582,8608.178455,1
u32 x u32 -> u64 Spartan PIOP + F2Z,2026-08-28,2026-08-28T06:11:09Z,953825e0612cd78c28bbef47d25176f95a326d8e,true,7b89576a7a0477e51a7004b072444e810a982fd08f9950b9a8e68b00d18c25f0,4d857f49d8deaea513593cc4f9d75e52a2f16aab14a3162260602806e7a64366,Apple M1 Max,Darwin 25.5.0 arm64,bench,unchecked,10,5,1,2^100-15,SHA-256,1/2,4,absent_in_latency_binary;shared_atomic_peak_allocator_in_memory_binary,0x5533326d756c0064,latency,1,skip-k3,3,delayed-barrett,barrett,8,17,12,1,25,33554432,3,20136.593542000,5051.124292000,247.643750000,1918.428959000,2845.433833000,0.013625000,14923.101541000,1.473583000,7870.564125000,7854.090417000,0.029041000,16.339875000,1.884917000,true,33554432,1,134217728,100663296,134217728,4294967296,536870912,2864,344760,0x2659d1701b2a1e69,30112.197582,8608.178455,1
u32 x u32 -> u64 Spartan PIOP + F2Z,2026-08-28,2026-08-28T06:11:09Z,953825e0612cd78c28bbef47d25176f95a326d8e,true,7b89576a7a0477e51a7004b072444e810a982fd08f9950b9a8e68b00d18c25f0,4d857f49d8deaea513593cc4f9d75e52a2f16aab14a3162260602806e7a64366,Apple M1 Max,Darwin 25.5.0 arm64,bench,unchecked,10,5,1,2^100-15,SHA-256,1/2,4,absent_in_latency_binary;shared_atomic_peak_allocator_in_memory_binary,0x5533326d756c0064,latency,1,skip-k3,3,delayed-barrett,barrett,8,17,12,1,25,33554432,4,20294.765000000,5297.629291000,235.531125000,1957.152875000,3073.343875000,0.013667000,14859.547041000,1.379459000,6496.278791000,6477.907000000,0.025000000,18.250041000,1.437667000,true,33554432,1,134217728,100663296,134217728,4294967296,536870912,2864,344760,0x2659d1701b2a1e69,30112.197582,8608.178455,1
