benchmark_algorithm,benchmark_date,run_timestamp_utc,commit,git_dirty,binary_sha256,memory_binary_sha256,hardware,operating_system,cargo_profile,cargo_features,threads,measured_runs,warmup_runs,field_modulus,ligerito_hash,ligerito_inverse_rate,ligerito_initial_k,allocator_instrumentation,root_seed,scope,exponent,multiplications,baseline_strategy,baseline_order,optimized_strategy,optimized_order,reduction_backend,historical_spartan_ms,historical_15pct_target_ms,baseline_spartan_ms,optimized_spartan_ms,delta_ms,latency_reduction_pct,speedup,individual_pass,primary_gate,sizes_passing,sizes_total,geomean_latency_reduction_pct,overall_pass
u32 x u32 -> u64 Spartan PIOP + F2Z,2026-08-27,2026-08-27T14:40:42Z,669fed1731d7f1dcb7ecabd71735b7cdbb4e1636,true,9c66b368c5597d5ec38f1dede7ecdbf0e7c271fd549bddb5cb4e8b0b2c3b80a6,36d0b1f57d820b26ea77464355395b726eba7cdb58bfcaeaa021e8e687fd331e,Apple M1 Max,Darwin 25.5.0 arm64,bench,unchecked,10,5,1,2^100-15,SHA-256,1/2,4,absent_in_latency_binary;shared_atomic_peak_allocator_in_memory_binary,0x5533326d756c0064,size,15,32768,immediate,1,delayed-barrett,2,barrett,12.815000,10.892750,11.412666,5.882833,-5.529833,48.453473,1.939995,true,true,,,,
u32 x u32 -> u64 Spartan PIOP + F2Z,2026-08-27,2026-08-27T14:40:42Z,669fed1731d7f1dcb7ecabd71735b7cdbb4e1636,true,9c66b368c5597d5ec38f1dede7ecdbf0e7c271fd549bddb5cb4e8b0b2c3b80a6,36d0b1f57d820b26ea77464355395b726eba7cdb58bfcaeaa021e8e687fd331e,Apple M1 Max,Darwin 25.5.0 arm64,bench,unchecked,10,5,1,2^100-15,SHA-256,1/2,4,absent_in_latency_binary;shared_atomic_peak_allocator_in_memory_binary,0x5533326d756c0064,size,15,32768,immediate,1,delayed-crypto-bigint,3,crypto-bigint,12.815000,10.892750,11.412666,7.513791,-3.898875,34.162701,1.518896,true,true,,,,
u32 x u32 -> u64 Spartan PIOP + F2Z,2026-08-27,2026-08-27T14:40:42Z,669fed1731d7f1dcb7ecabd71735b7cdbb4e1636,true,9c66b368c5597d5ec38f1dede7ecdbf0e7c271fd549bddb5cb4e8b0b2c3b80a6,36d0b1f57d820b26ea77464355395b726eba7cdb58bfcaeaa021e8e687fd331e,Apple M1 Max,Darwin 25.5.0 arm64,bench,unchecked,10,5,1,2^100-15,SHA-256,1/2,4,absent_in_latency_binary;shared_atomic_peak_allocator_in_memory_binary,0x5533326d756c0064,size,16,65536,immediate,2,delayed-barrett,1,barrett,24.775300,21.059005,19.663500,8.722166,-10.941334,55.642861,2.254429,true,true,,,,
u32 x u32 -> u64 Spartan PIOP + F2Z,2026-08-27,2026-08-27T14:40:42Z,669fed1731d7f1dcb7ecabd71735b7cdbb4e1636,true,9c66b368c5597d5ec38f1dede7ecdbf0e7c271fd549bddb5cb4e8b0b2c3b80a6,36d0b1f57d820b26ea77464355395b726eba7cdb58bfcaeaa021e8e687fd331e,Apple M1 Max,Darwin 25.5.0 arm64,bench,unchecked,10,5,1,2^100-15,SHA-256,1/2,4,absent_in_latency_binary;shared_atomic_peak_allocator_in_memory_binary,0x5533326d756c0064,size,16,65536,immediate,2,delayed-crypto-bigint,3,crypto-bigint,24.775300,21.059005,19.663500,12.241166,-7.422334,37.746759,1.606342,true,true,,,,
u32 x u32 -> u64 Spartan PIOP + F2Z,2026-08-27,2026-08-27T14:40:42Z,669fed1731d7f1dcb7ecabd71735b7cdbb4e1636,true,9c66b368c5597d5ec38f1dede7ecdbf0e7c271fd549bddb5cb4e8b0b2c3b80a6,36d0b1f57d820b26ea77464355395b726eba7cdb58bfcaeaa021e8e687fd331e,Apple M1 Max,Darwin 25.5.0 arm64,bench,unchecked,10,5,1,2^100-15,SHA-256,1/2,4,absent_in_latency_binary;shared_atomic_peak_allocator_in_memory_binary,0x5533326d756c0064,size,17,131072,immediate,1,delayed-barrett,2,barrett,49.267200,41.877120,40.298041,16.108792,-24.189249,60.025868,2.501618,true,true,,,,
u32 x u32 -> u64 Spartan PIOP + F2Z,2026-08-27,2026-08-27T14:40:42Z,669fed1731d7f1dcb7ecabd71735b7cdbb4e1636,true,9c66b368c5597d5ec38f1dede7ecdbf0e7c271fd549bddb5cb4e8b0b2c3b80a6,36d0b1f57d820b26ea77464355395b726eba7cdb58bfcaeaa021e8e687fd331e,Apple M1 Max,Darwin 25.5.0 arm64,bench,unchecked,10,5,1,2^100-15,SHA-256,1/2,4,absent_in_latency_binary;shared_atomic_peak_allocator_in_memory_binary,0x5533326d756c0064,size,17,131072,immediate,1,delayed-crypto-bigint,3,crypto-bigint,49.267200,41.877120,40.298041,21.542958,-18.755083,46.540930,1.870590,true,true,,,,
u32 x u32 -> u64 Spartan PIOP + F2Z,2026-08-27,2026-08-27T14:40:42Z,669fed1731d7f1dcb7ecabd71735b7cdbb4e1636,true,9c66b368c5597d5ec38f1dede7ecdbf0e7c271fd549bddb5cb4e8b0b2c3b80a6,36d0b1f57d820b26ea77464355395b726eba7cdb58bfcaeaa021e8e687fd331e,Apple M1 Max,Darwin 25.5.0 arm64,bench,unchecked,10,5,1,2^100-15,SHA-256,1/2,4,absent_in_latency_binary;shared_atomic_peak_allocator_in_memory_binary,0x5533326d756c0064,size,18,262144,immediate,2,delayed-barrett,1,barrett,91.394200,77.685070,75.259041,33.846375,-41.412666,55.026832,2.223548,true,true,,,,
u32 x u32 -> u64 Spartan PIOP + F2Z,2026-08-27,2026-08-27T14:40:42Z,669fed1731d7f1dcb7ecabd71735b7cdbb4e1636,true,9c66b368c5597d5ec38f1dede7ecdbf0e7c271fd549bddb5cb4e8b0b2c3b80a6,36d0b1f57d820b26ea77464355395b726eba7cdb58bfcaeaa021e8e687fd331e,Apple M1 Max,Darwin 25.5.0 arm64,bench,unchecked,10,5,1,2^100-15,SHA-256,1/2,4,absent_in_latency_binary;shared_atomic_peak_allocator_in_memory_binary,0x5533326d756c0064,size,18,262144,immediate,2,delayed-crypto-bigint,3,crypto-bigint,91.394200,77.685070,75.259041,46.176875,-29.082166,38.642754,1.629799,true,true,,,,
u32 x u32 -> u64 Spartan PIOP + F2Z,2026-08-27,2026-08-27T14:40:42Z,669fed1731d7f1dcb7ecabd71735b7cdbb4e1636,true,9c66b368c5597d5ec38f1dede7ecdbf0e7c271fd549bddb5cb4e8b0b2c3b80a6,36d0b1f57d820b26ea77464355395b726eba7cdb58bfcaeaa021e8e687fd331e,Apple M1 Max,Darwin 25.5.0 arm64,bench,unchecked,10,5,1,2^100-15,SHA-256,1/2,4,absent_in_latency_binary;shared_atomic_peak_allocator_in_memory_binary,0x5533326d756c0064,size,19,524288,immediate,1,delayed-barrett,2,barrett,179.260000,152.371000,160.977750,74.955500,-86.022250,53.437354,2.147644,true,true,,,,
u32 x u32 -> u64 Spartan PIOP + F2Z,2026-08-27,2026-08-27T14:40:42Z,669fed1731d7f1dcb7ecabd71735b7cdbb4e1636,true,9c66b368c5597d5ec38f1dede7ecdbf0e7c271fd549bddb5cb4e8b0b2c3b80a6,36d0b1f57d820b26ea77464355395b726eba7cdb58bfcaeaa021e8e687fd331e,Apple M1 Max,Darwin 25.5.0 arm64,bench,unchecked,10,5,1,2^100-15,SHA-256,1/2,4,absent_in_latency_binary;shared_atomic_peak_allocator_in_memory_binary,0x5533326d756c0064,size,19,524288,immediate,1,delayed-crypto-bigint,3,crypto-bigint,179.260000,152.371000,160.977750,88.505375,-72.472375,45.020119,1.818847,true,true,,,,
u32 x u32 -> u64 Spartan PIOP + F2Z,2026-08-27,2026-08-27T14:40:42Z,669fed1731d7f1dcb7ecabd71735b7cdbb4e1636,true,9c66b368c5597d5ec38f1dede7ecdbf0e7c271fd549bddb5cb4e8b0b2c3b80a6,36d0b1f57d820b26ea77464355395b726eba7cdb58bfcaeaa021e8e687fd331e,Apple M1 Max,Darwin 25.5.0 arm64,bench,unchecked,10,5,1,2^100-15,SHA-256,1/2,4,absent_in_latency_binary;shared_atomic_peak_allocator_in_memory_binary,0x5533326d756c0064,size,20,1048576,immediate,2,delayed-barrett,1,barrett,403.957800,343.364130,303.511125,119.374958,-184.136167,60.668671,2.542502,true,true,,,,
u32 x u32 -> u64 Spartan PIOP + F2Z,2026-08-27,2026-08-27T14:40:42Z,669fed1731d7f1dcb7ecabd71735b7cdbb4e1636,true,9c66b368c5597d5ec38f1dede7ecdbf0e7c271fd549bddb5cb4e8b0b2c3b80a6,36d0b1f57d820b26ea77464355395b726eba7cdb58bfcaeaa021e8e687fd331e,Apple M1 Max,Darwin 25.5.0 arm64,bench,unchecked,10,5,1,2^100-15,SHA-256,1/2,4,absent_in_latency_binary;shared_atomic_peak_allocator_in_memory_binary,0x5533326d756c0064,size,20,1048576,immediate,2,delayed-crypto-bigint,3,crypto-bigint,403.957800,343.364130,303.511125,170.715500,-132.795625,43.753133,1.777877,true,true,,,,
u32 x u32 -> u64 Spartan PIOP + F2Z,2026-08-27,2026-08-27T14:40:42Z,669fed1731d7f1dcb7ecabd71735b7cdbb4e1636,true,9c66b368c5597d5ec38f1dede7ecdbf0e7c271fd549bddb5cb4e8b0b2c3b80a6,36d0b1f57d820b26ea77464355395b726eba7cdb58bfcaeaa021e8e687fd331e,Apple M1 Max,Darwin 25.5.0 arm64,bench,unchecked,10,5,1,2^100-15,SHA-256,1/2,4,absent_in_latency_binary;shared_atomic_peak_allocator_in_memory_binary,0x5533326d756c0064,size,21,2097152,immediate,1,delayed-barrett,2,barrett,802.512500,682.135625,604.789834,213.288125,-391.501709,64.733514,2.835553,true,true,,,,
u32 x u32 -> u64 Spartan PIOP + F2Z,2026-08-27,2026-08-27T14:40:42Z,669fed1731d7f1dcb7ecabd71735b7cdbb4e1636,true,9c66b368c5597d5ec38f1dede7ecdbf0e7c271fd549bddb5cb4e8b0b2c3b80a6,36d0b1f57d820b26ea77464355395b726eba7cdb58bfcaeaa021e8e687fd331e,Apple M1 Max,Darwin 25.5.0 arm64,bench,unchecked,10,5,1,2^100-15,SHA-256,1/2,4,absent_in_latency_binary;shared_atomic_peak_allocator_in_memory_binary,0x5533326d756c0064,size,21,2097152,immediate,1,delayed-crypto-bigint,3,crypto-bigint,802.512500,682.135625,604.789834,308.472292,-296.317542,48.995126,1.960597,true,true,,,,
u32 x u32 -> u64 Spartan PIOP + F2Z,2026-08-27,2026-08-27T14:40:42Z,669fed1731d7f1dcb7ecabd71735b7cdbb4e1636,true,9c66b368c5597d5ec38f1dede7ecdbf0e7c271fd549bddb5cb4e8b0b2c3b80a6,36d0b1f57d820b26ea77464355395b726eba7cdb58bfcaeaa021e8e687fd331e,Apple M1 Max,Darwin 25.5.0 arm64,bench,unchecked,10,5,1,2^100-15,SHA-256,1/2,4,absent_in_latency_binary;shared_atomic_peak_allocator_in_memory_binary,0x5533326d756c0064,size,22,4194304,immediate,2,delayed-barrett,1,barrett,1719.153500,1461.280475,1128.133542,432.576625,-695.556917,61.655548,2.607939,true,true,,,,
u32 x u32 -> u64 Spartan PIOP + F2Z,2026-08-27,2026-08-27T14:40:42Z,669fed1731d7f1dcb7ecabd71735b7cdbb4e1636,true,9c66b368c5597d5ec38f1dede7ecdbf0e7c271fd549bddb5cb4e8b0b2c3b80a6,36d0b1f57d820b26ea77464355395b726eba7cdb58bfcaeaa021e8e687fd331e,Apple M1 Max,Darwin 25.5.0 arm64,bench,unchecked,10,5,1,2^100-15,SHA-256,1/2,4,absent_in_latency_binary;shared_atomic_peak_allocator_in_memory_binary,0x5533326d756c0064,size,22,4194304,immediate,2,delayed-crypto-bigint,3,crypto-bigint,1719.153500,1461.280475,1128.133542,645.910666,-482.222876,42.745194,1.746578,true,true,,,,
u32 x u32 -> u64 Spartan PIOP + F2Z,2026-08-27,2026-08-27T14:40:42Z,669fed1731d7f1dcb7ecabd71735b7cdbb4e1636,true,9c66b368c5597d5ec38f1dede7ecdbf0e7c271fd549bddb5cb4e8b0b2c3b80a6,36d0b1f57d820b26ea77464355395b726eba7cdb58bfcaeaa021e8e687fd331e,Apple M1 Max,Darwin 25.5.0 arm64,bench,unchecked,10,5,1,2^100-15,SHA-256,1/2,4,absent_in_latency_binary;shared_atomic_peak_allocator_in_memory_binary,0x5533326d756c0064,size,23,8388608,immediate,1,delayed-barrett,2,barrett,3547.512100,3015.385285,2521.979250,959.162292,-1562.816958,61.967875,2.629356,true,true,,,,
u32 x u32 -> u64 Spartan PIOP + F2Z,2026-08-27,2026-08-27T14:40:42Z,669fed1731d7f1dcb7ecabd71735b7cdbb4e1636,true,9c66b368c5597d5ec38f1dede7ecdbf0e7c271fd549bddb5cb4e8b0b2c3b80a6,36d0b1f57d820b26ea77464355395b726eba7cdb58bfcaeaa021e8e687fd331e,Apple M1 Max,Darwin 25.5.0 arm64,bench,unchecked,10,5,1,2^100-15,SHA-256,1/2,4,absent_in_latency_binary;shared_atomic_peak_allocator_in_memory_binary,0x5533326d756c0064,size,23,8388608,immediate,1,delayed-crypto-bigint,3,crypto-bigint,3547.512100,3015.385285,2521.979250,1346.175667,-1175.803583,46.622254,1.873440,true,true,,,,
u32 x u32 -> u64 Spartan PIOP + F2Z,2026-08-27,2026-08-27T14:40:42Z,669fed1731d7f1dcb7ecabd71735b7cdbb4e1636,true,9c66b368c5597d5ec38f1dede7ecdbf0e7c271fd549bddb5cb4e8b0b2c3b80a6,36d0b1f57d820b26ea77464355395b726eba7cdb58bfcaeaa021e8e687fd331e,Apple M1 Max,Darwin 25.5.0 arm64,bench,unchecked,10,5,1,2^100-15,SHA-256,1/2,4,absent_in_latency_binary;shared_atomic_peak_allocator_in_memory_binary,0x5533326d756c0064,size,24,16777216,immediate,2,delayed-barrett,1,barrett,9870.229900,8389.695415,9585.150542,3201.899750,-6383.250792,66.595206,2.993582,true,true,,,,
u32 x u32 -> u64 Spartan PIOP + F2Z,2026-08-27,2026-08-27T14:40:42Z,669fed1731d7f1dcb7ecabd71735b7cdbb4e1636,true,9c66b368c5597d5ec38f1dede7ecdbf0e7c271fd549bddb5cb4e8b0b2c3b80a6,36d0b1f57d820b26ea77464355395b726eba7cdb58bfcaeaa021e8e687fd331e,Apple M1 Max,Darwin 25.5.0 arm64,bench,unchecked,10,5,1,2^100-15,SHA-256,1/2,4,absent_in_latency_binary;shared_atomic_peak_allocator_in_memory_binary,0x5533326d756c0064,size,24,16777216,immediate,2,delayed-crypto-bigint,3,crypto-bigint,9870.229900,8389.695415,9585.150542,2986.099500,-6599.051042,68.846608,3.209923,true,true,,,,
u32 x u32 -> u64 Spartan PIOP + F2Z,2026-08-27,2026-08-27T14:40:42Z,669fed1731d7f1dcb7ecabd71735b7cdbb4e1636,true,9c66b368c5597d5ec38f1dede7ecdbf0e7c271fd549bddb5cb4e8b0b2c3b80a6,36d0b1f57d820b26ea77464355395b726eba7cdb58bfcaeaa021e8e687fd331e,Apple M1 Max,Darwin 25.5.0 arm64,bench,unchecked,10,5,1,2^100-15,SHA-256,1/2,4,absent_in_latency_binary;shared_atomic_peak_allocator_in_memory_binary,0x5533326d756c0064,size,25,33554432,immediate,1,delayed-barrett,2,barrett,36562.782900,31078.365465,23843.461084,10953.958875,-12889.502209,54.058856,2.176698,true,false,,,,
u32 x u32 -> u64 Spartan PIOP + F2Z,2026-08-27,2026-08-27T14:40:42Z,669fed1731d7f1dcb7ecabd71735b7cdbb4e1636,true,9c66b368c5597d5ec38f1dede7ecdbf0e7c271fd549bddb5cb4e8b0b2c3b80a6,36d0b1f57d820b26ea77464355395b726eba7cdb58bfcaeaa021e8e687fd331e,Apple M1 Max,Darwin 25.5.0 arm64,bench,unchecked,10,5,1,2^100-15,SHA-256,1/2,4,absent_in_latency_binary;shared_atomic_peak_allocator_in_memory_binary,0x5533326d756c0064,size,25,33554432,immediate,1,delayed-crypto-bigint,3,crypto-bigint,36562.782900,31078.365465,23843.461084,12267.433250,-11576.027834,48.550115,1.943639,true,false,,,,
u32 x u32 -> u64 Spartan PIOP + F2Z,2026-08-27,2026-08-27T14:40:42Z,669fed1731d7f1dcb7ecabd71735b7cdbb4e1636,true,9c66b368c5597d5ec38f1dede7ecdbf0e7c271fd549bddb5cb4e8b0b2c3b80a6,36d0b1f57d820b26ea77464355395b726eba7cdb58bfcaeaa021e8e687fd331e,Apple M1 Max,Darwin 25.5.0 arm64,bench,unchecked,10,5,1,2^100-15,SHA-256,1/2,4,absent_in_latency_binary;shared_atomic_peak_allocator_in_memory_binary,0x5533326d756c0064,overall,,,immediate,,delayed-barrett,,barrett,,,,,,,,,,10,10,59.152114,true
u32 x u32 -> u64 Spartan PIOP + F2Z,2026-08-27,2026-08-27T14:40:42Z,669fed1731d7f1dcb7ecabd71735b7cdbb4e1636,true,9c66b368c5597d5ec38f1dede7ecdbf0e7c271fd549bddb5cb4e8b0b2c3b80a6,36d0b1f57d820b26ea77464355395b726eba7cdb58bfcaeaa021e8e687fd331e,Apple M1 Max,Darwin 25.5.0 arm64,bench,unchecked,10,5,1,2^100-15,SHA-256,1/2,4,absent_in_latency_binary;shared_atomic_peak_allocator_in_memory_binary,0x5533326d756c0064,overall,,,immediate,,delayed-crypto-bigint,,crypto-bigint,,,,,,,,,,10,10,46.233563,true
