family,size,variant,rep,iterations,ns,bytes,allocations,allocated_bytes,correctness
opt_ood_reuse,log16,allocate,0,32,104618.500,1048576,2,65792,1
opt_ood_reuse,log16,scratch,0,32,106089.844,1048576,0,0,1
opt_ood_reuse,log16,allocate,1,32,92889.312,1048576,2,65792,1
opt_ood_reuse,log16,scratch,1,32,97337.250,1048576,0,0,1
opt_ood_reuse,log16,scratch,2,32,81615.875,1048576,0,0,1
opt_ood_reuse,log16,allocate,2,32,94325.500,1048576,2,65792,1
opt_ood_reuse,log16,scratch,3,32,111565.125,1048576,0,0,1
opt_ood_reuse,log16,allocate,3,32,111007.812,1048576,2,65792,1
opt_ood_reuse,log16,allocate,4,32,92485.656,1048576,2,65792,1
opt_ood_reuse,log16,scratch,4,32,86138.031,1048576,0,0,1
opt_ood_reuse,log16,scratch,5,32,105976.562,1048576,0,0,1
opt_ood_reuse,log16,allocate,5,32,103572.938,1048576,2,65792,1
opt_ood_reuse,log16,scratch,6,32,113481.750,1048576,0,0,1
opt_ood_reuse,log16,allocate,6,32,102908.844,1048576,2,65792,1
opt_ood_reuse,log16,scratch,7,32,80259.125,1048576,0,0,1
opt_ood_reuse,log16,allocate,7,32,105154.938,1048576,2,65792,1
opt_ood_reuse,log16,scratch,8,32,105031.250,1048576,0,0,1
opt_ood_reuse,log16,allocate,8,32,97997.406,1048576,2,65792,1
opt_ood_reuse,log16,allocate,9,32,101285.156,1048576,2,65792,1
opt_ood_reuse,log16,scratch,9,32,105136.719,1048576,0,0,1
opt_ood_reuse,log16,scratch,10,32,104498.688,1048576,0,0,1
opt_ood_reuse,log16,allocate,10,32,96342.438,1048576,2,65792,1
opt_ood_reuse,log16,scratch,11,32,100962.219,1048576,0,0,1
opt_ood_reuse,log16,allocate,11,32,93402.344,1048576,2,65792,1
opt_ood_reuse,log16,scratch,12,32,98222.656,1048576,0,0,1
opt_ood_reuse,log16,allocate,12,32,105597.656,1048576,2,65792,1
opt_ood_reuse,log16,scratch,13,32,107694.000,1048576,0,0,1
opt_ood_reuse,log16,allocate,13,32,105096.344,1048576,2,65792,1
opt_ood_reuse,log16,scratch,14,32,113363.281,1048576,0,0,1
opt_ood_reuse,log16,allocate,14,32,106483.062,1048576,2,65792,1
opt_ood_reuse,log16,scratch,15,32,112213.531,1048576,0,0,1
opt_ood_reuse,log16,allocate,15,32,112227.875,1048576,2,65792,1
opt_ood_reuse,log16,scratch,16,32,93473.969,1048576,0,0,1
opt_ood_reuse,log16,allocate,16,32,99292.969,1048576,2,65792,1
opt_ood_reuse,log16,allocate,17,32,97428.406,1048576,2,65792,1
opt_ood_reuse,log16,scratch,17,32,100779.938,1048576,0,0,1
opt_ood_reuse,log16,scratch,18,32,90811.188,1048576,0,0,1
opt_ood_reuse,log16,allocate,18,32,100567.719,1048576,2,65792,1
opt_ood_reuse,log16,allocate,19,32,111863.281,1048576,2,65792,1
opt_ood_reuse,log16,scratch,19,32,93071.625,1048576,0,0,1
opt_ood_reuse,log16,allocate,20,32,89958.312,1048576,2,65792,1
opt_ood_reuse,log16,scratch,20,32,96065.094,1048576,0,0,1
opt_ood_reuse,log16,scratch,21,32,105169.281,1048576,0,0,1
opt_ood_reuse,log16,allocate,21,32,95569.000,1048576,2,65792,1
opt_ood_reuse,log16,scratch,22,32,90411.438,1048576,0,0,1
opt_ood_reuse,log16,allocate,22,32,89412.781,1048576,2,65792,1
opt_ood_reuse,log16,scratch,23,32,103897.156,1048576,0,0,1
opt_ood_reuse,log16,allocate,23,32,101408.844,1048576,2,65792,1
opt_ood_reuse,log16,scratch,24,32,99346.375,1048576,0,0,1
opt_ood_reuse,log16,allocate,24,32,96171.875,1048576,2,65792,1
opt_ood_reuse,log16,allocate,25,32,106625.000,1048576,2,65792,1
opt_ood_reuse,log16,scratch,25,32,102645.812,1048576,0,0,1
opt_ood_reuse,log16,allocate,26,32,102144.531,1048576,2,65792,1
opt_ood_reuse,log16,scratch,26,32,95707.031,1048576,0,0,1
opt_ood_reuse,log16,allocate,27,32,92264.344,1048576,2,65792,1
opt_ood_reuse,log16,scratch,27,32,82027.344,1048576,0,0,1
opt_ood_reuse,log16,scratch,28,32,100390.625,1048576,0,0,1
opt_ood_reuse,log16,allocate,28,32,95634.094,1048576,2,65792,1
opt_ood_reuse,log16,scratch,29,32,124832.031,1048576,0,0,1
opt_ood_reuse,log16,allocate,29,32,87640.625,1048576,2,65792,1
opt_ood_reuse,log16,allocate,30,32,96044.250,1048576,2,65792,1
opt_ood_reuse,log16,scratch,30,32,82430.969,1048576,0,0,1
opt_ood_reuse,log16,allocate,31,32,106523.438,1048576,2,65792,1
opt_ood_reuse,log16,scratch,31,32,96467.438,1048576,0,0,1
opt_ood_reuse,log16,scratch,32,32,103690.094,1048576,0,0,1
opt_ood_reuse,log16,allocate,32,32,101037.750,1048576,2,65792,1
opt_ood_reuse,log16,allocate,33,32,102929.688,1048576,2,65792,1
opt_ood_reuse,log16,scratch,33,32,110507.812,1048576,0,0,1
opt_ood_reuse,log16,allocate,34,32,109644.531,1048576,2,65792,1
opt_ood_reuse,log16,scratch,34,32,111516.938,1048576,0,0,1
opt_ood_reuse,log16,allocate,35,32,98270.812,1048576,2,65792,1
opt_ood_reuse,log16,scratch,35,32,110412.781,1048576,0,0,1
opt_ood_reuse,log16,allocate,36,32,106393.219,1048576,2,65792,1
opt_ood_reuse,log16,scratch,36,32,105509.125,1048576,0,0,1
opt_ood_reuse,log16,allocate,37,32,105539.062,1048576,2,65792,1
opt_ood_reuse,log16,scratch,37,32,98919.281,1048576,0,0,1
opt_ood_reuse,log16,allocate,38,32,82252.594,1048576,2,65792,1
opt_ood_reuse,log16,scratch,38,32,97306.000,1048576,0,0,1
opt_ood_reuse,log16,allocate,39,32,99031.250,1048576,2,65792,1
opt_ood_reuse,log16,scratch,39,32,103346.344,1048576,0,0,1
opt_ood_reuse,log16,allocate,40,32,104253.906,1048576,2,65792,1
opt_ood_reuse,log16,scratch,40,32,109515.625,1048576,0,0,1
opt_ood_reuse,log16,allocate,41,32,108736.969,1048576,2,65792,1
opt_ood_reuse,log16,scratch,41,32,122229.156,1048576,0,0,1
opt_ood_reuse,log16,allocate,42,32,121227.875,1048576,2,65792,1
opt_ood_reuse,log16,scratch,42,32,100882.812,1048576,0,0,1
opt_ood_reuse,log16,allocate,43,32,113520.844,1048576,2,65792,1
opt_ood_reuse,log16,scratch,43,32,111208.312,1048576,0,0,1
opt_ood_reuse,log16,scratch,44,32,94966.156,1048576,0,0,1
opt_ood_reuse,log16,allocate,44,32,96052.094,1048576,2,65792,1
opt_ood_reuse,log16,scratch,45,32,110463.562,1048576,0,0,1
opt_ood_reuse,log16,allocate,45,32,105548.188,1048576,2,65792,1
opt_ood_reuse,log16,allocate,46,32,117098.969,1048576,2,65792,1
opt_ood_reuse,log16,scratch,46,32,133411.438,1048576,0,0,1
opt_ood_reuse,log16,scratch,47,32,99662.750,1048576,0,0,1
opt_ood_reuse,log16,allocate,47,32,107566.406,1048576,2,65792,1
opt_ood_reuse,log16,allocate,48,32,105680.969,1048576,2,65792,1
opt_ood_reuse,log16,scratch,48,32,104329.438,1048576,0,0,1
opt_ood_reuse,log16,scratch,49,32,99661.438,1048576,0,0,1
opt_ood_reuse,log16,allocate,49,32,84773.438,1048576,2,65792,1
opt_ood_reuse,log16,allocate,50,32,108713.531,1048576,2,65792,1
opt_ood_reuse,log16,scratch,50,32,100450.500,1048576,0,0,1
opt_ood_reuse,log16,allocate,51,32,98686.188,1048576,2,65792,1
opt_ood_reuse,log16,scratch,51,32,104987.000,1048576,0,0,1
opt_ood_reuse,log16,allocate,52,32,112910.156,1048576,2,65792,1
opt_ood_reuse,log16,scratch,52,32,92804.688,1048576,0,0,1
opt_ood_reuse,log16,allocate,53,32,108973.969,1048576,2,65792,1
opt_ood_reuse,log16,scratch,53,32,106945.312,1048576,0,0,1
opt_ood_reuse,log16,scratch,54,32,83906.250,1048576,0,0,1
opt_ood_reuse,log16,allocate,54,32,101433.594,1048576,2,65792,1
opt_ood_reuse,log16,allocate,55,32,106589.844,1048576,2,65792,1
opt_ood_reuse,log16,scratch,55,32,99188.781,1048576,0,0,1
opt_ood_reuse,log16,allocate,56,32,104690.094,1048576,2,65792,1
opt_ood_reuse,log16,scratch,56,32,99417.969,1048576,0,0,1
opt_ood_reuse,log16,scratch,57,32,113402.344,1048576,0,0,1
opt_ood_reuse,log16,allocate,57,32,101304.688,1048576,2,65792,1
opt_ood_reuse,log16,allocate,58,32,99402.344,1048576,2,65792,1
opt_ood_reuse,log16,scratch,58,32,93664.062,1048576,0,0,1
opt_ood_reuse,log16,allocate,59,32,130248.688,1048576,2,65792,1
opt_ood_reuse,log16,scratch,59,32,112325.531,1048576,0,0,1
opt_ood_reuse,log16,allocate,60,32,91666.656,1048576,2,65792,1
opt_ood_reuse,log16,scratch,60,32,106865.875,1048576,0,0,1
opt_ood_reuse,log16,scratch,61,32,110947.906,1048576,0,0,1
opt_ood_reuse,log16,allocate,61,32,96692.719,1048576,2,65792,1
opt_ood_reuse,log16,scratch,62,32,109419.281,1048576,0,0,1
opt_ood_reuse,log16,allocate,62,32,106231.781,1048576,2,65792,1
opt_ood_reuse,log16,allocate,63,32,99164.062,1048576,2,65792,1
opt_ood_reuse,log16,scratch,63,32,106627.594,1048576,0,0,1
opt_ood_reuse,log18,scratch,0,32,156631.500,4194304,0,0,1
opt_ood_reuse,log18,allocate,0,32,127591.156,4194304,2,66560,1
opt_ood_reuse,log18,scratch,1,32,130338.562,4194304,0,0,1
opt_ood_reuse,log18,allocate,1,32,136053.406,4194304,2,66560,1
opt_ood_reuse,log18,scratch,2,32,136653.656,4194304,0,0,1
opt_ood_reuse,log18,allocate,2,32,377759.125,4194304,2,66560,1
opt_ood_reuse,log18,scratch,3,32,132356.781,4194304,0,0,1
opt_ood_reuse,log18,allocate,3,32,130519.531,4194304,2,66560,1
opt_ood_reuse,log18,allocate,4,32,127335.938,4194304,2,66560,1
opt_ood_reuse,log18,scratch,4,32,147360.688,4194304,0,0,1
opt_ood_reuse,log18,scratch,5,32,143520.844,4194304,0,0,1
opt_ood_reuse,log18,allocate,5,32,140437.500,4194304,2,66560,1
opt_ood_reuse,log18,allocate,6,32,146016.938,4194304,2,66560,1
opt_ood_reuse,log18,scratch,6,32,149376.312,4194304,0,0,1
opt_ood_reuse,log18,allocate,7,32,140864.562,4194304,2,66560,1
opt_ood_reuse,log18,scratch,7,32,140785.156,4194304,0,0,1
opt_ood_reuse,log18,scratch,8,32,126415.375,4194304,0,0,1
opt_ood_reuse,log18,allocate,8,32,146085.938,4194304,2,66560,1
opt_ood_reuse,log18,allocate,9,32,135835.938,4194304,2,66560,1
opt_ood_reuse,log18,scratch,9,32,142423.188,4194304,0,0,1
opt_ood_reuse,log18,allocate,10,32,133891.906,4194304,2,66560,1
opt_ood_reuse,log18,scratch,10,32,145454.438,4194304,0,0,1
opt_ood_reuse,log18,scratch,11,32,135188.781,4194304,0,0,1
opt_ood_reuse,log18,allocate,11,32,129815.094,4194304,2,66560,1
opt_ood_reuse,log18,scratch,12,32,117494.781,4194304,0,0,1
opt_ood_reuse,log18,allocate,12,32,234480.469,4194304,2,66560,1
opt_ood_reuse,log18,scratch,13,32,142703.125,4194304,0,0,1
opt_ood_reuse,log18,allocate,13,32,255033.875,4194304,2,66560,1
opt_ood_reuse,log18,scratch,14,32,148901.062,4194304,0,0,1
opt_ood_reuse,log18,allocate,14,32,155265.625,4194304,2,66560,1
opt_ood_reuse,log18,scratch,15,32,165190.094,4194304,0,0,1
opt_ood_reuse,log18,allocate,15,32,202157.562,4194304,2,66560,1
opt_ood_reuse,log18,scratch,16,32,161141.938,4194304,0,0,1
opt_ood_reuse,log18,allocate,16,32,131437.500,4194304,2,66560,1
opt_ood_reuse,log18,allocate,17,32,145110.688,4194304,2,66560,1
opt_ood_reuse,log18,scratch,17,32,141291.656,4194304,0,0,1
opt_ood_reuse,log18,scratch,18,32,134812.500,4194304,0,0,1
opt_ood_reuse,log18,allocate,18,32,128739.594,4194304,2,66560,1
opt_ood_reuse,log18,allocate,19,32,148722.656,4194304,2,66560,1
opt_ood_reuse,log18,scratch,19,32,139355.469,4194304,0,0,1
opt_ood_reuse,log18,allocate,20,32,138819.000,4194304,2,66560,1
opt_ood_reuse,log18,scratch,20,32,148954.406,4194304,0,0,1
opt_ood_reuse,log18,scratch,21,32,127915.375,4194304,0,0,1
opt_ood_reuse,log18,allocate,21,32,124278.656,4194304,2,66560,1
opt_ood_reuse,log18,scratch,22,32,147705.750,4194304,0,0,1
opt_ood_reuse,log18,allocate,22,32,127177.062,4194304,2,66560,1
opt_ood_reuse,log18,allocate,23,32,145197.906,4194304,2,66560,1
opt_ood_reuse,log18,scratch,23,32,144626.281,4194304,0,0,1
opt_ood_reuse,log18,allocate,24,32,144302.094,4194304,2,66560,1
opt_ood_reuse,log18,scratch,24,32,149997.406,4194304,0,0,1
opt_ood_reuse,log18,allocate,25,32,125045.562,4194304,2,66560,1
opt_ood_reuse,log18,scratch,25,32,124078.125,4194304,0,0,1
opt_ood_reuse,log18,allocate,26,32,138518.219,4194304,2,66560,1
opt_ood_reuse,log18,scratch,26,32,158115.875,4194304,0,0,1
opt_ood_reuse,log18,allocate,27,32,129886.719,4194304,2,66560,1
opt_ood_reuse,log18,scratch,27,32,151910.156,4194304,0,0,1
opt_ood_reuse,log18,scratch,28,32,133104.188,4194304,0,0,1
opt_ood_reuse,log18,allocate,28,32,213871.094,4194304,2,66560,1
opt_ood_reuse,log18,allocate,29,32,129135.406,4194304,2,66560,1
opt_ood_reuse,log18,scratch,29,32,142544.250,4194304,0,0,1
opt_ood_reuse,log18,scratch,30,32,147889.344,4194304,0,0,1
opt_ood_reuse,log18,allocate,30,32,137016.938,4194304,2,66560,1
opt_ood_reuse,log18,scratch,31,32,138625.000,4194304,0,0,1
opt_ood_reuse,log18,allocate,31,32,147042.969,4194304,2,66560,1
opt_ood_reuse,log18,scratch,32,32,147259.094,4194304,0,0,1
opt_ood_reuse,log18,allocate,32,32,136863.281,4194304,2,66560,1
opt_ood_reuse,log18,allocate,33,32,139135.438,4194304,2,66560,1
opt_ood_reuse,log18,scratch,33,32,140046.875,4194304,0,0,1
opt_ood_reuse,log18,scratch,34,32,143332.031,4194304,0,0,1
opt_ood_reuse,log18,allocate,34,32,150143.250,4194304,2,66560,1
opt_ood_reuse,log18,scratch,35,32,147983.062,4194304,0,0,1
opt_ood_reuse,log18,allocate,35,32,142860.688,4194304,2,66560,1
opt_ood_reuse,log18,allocate,36,32,142838.531,4194304,2,66560,1
opt_ood_reuse,log18,scratch,36,32,149410.156,4194304,0,0,1
opt_ood_reuse,log18,allocate,37,32,147832.031,4194304,2,66560,1
opt_ood_reuse,log18,scratch,37,32,138290.375,4194304,0,0,1
opt_ood_reuse,log18,allocate,38,32,153993.500,4194304,2,66560,1
opt_ood_reuse,log18,scratch,38,32,135520.844,4194304,0,0,1
opt_ood_reuse,log18,scratch,39,32,114610.688,4194304,0,0,1
opt_ood_reuse,log18,allocate,39,32,128131.500,4194304,2,66560,1
opt_ood_reuse,log18,allocate,40,32,145003.906,4194304,2,66560,1
opt_ood_reuse,log18,scratch,40,32,140628.906,4194304,0,0,1
opt_ood_reuse,log18,allocate,41,32,148613.281,4194304,2,66560,1
opt_ood_reuse,log18,scratch,41,32,135040.375,4194304,0,0,1
opt_ood_reuse,log18,allocate,42,32,140190.125,4194304,2,66560,1
opt_ood_reuse,log18,scratch,42,32,127835.938,4194304,0,0,1
opt_ood_reuse,log18,scratch,43,32,107598.969,4194304,0,0,1
opt_ood_reuse,log18,allocate,43,32,135591.156,4194304,2,66560,1
opt_ood_reuse,log18,allocate,44,32,132417.969,4194304,2,66560,1
opt_ood_reuse,log18,scratch,44,32,144869.812,4194304,0,0,1
opt_ood_reuse,log18,allocate,45,32,137186.188,4194304,2,66560,1
opt_ood_reuse,log18,scratch,45,32,130325.531,4194304,0,0,1
opt_ood_reuse,log18,scratch,46,32,143160.156,4194304,0,0,1
opt_ood_reuse,log18,allocate,46,32,124959.625,4194304,2,66560,1
opt_ood_reuse,log18,scratch,47,32,127125.000,4194304,0,0,1
opt_ood_reuse,log18,allocate,47,32,135959.656,4194304,2,66560,1
opt_ood_reuse,log18,allocate,48,32,139869.812,4194304,2,66560,1
opt_ood_reuse,log18,scratch,48,32,116815.125,4194304,0,0,1
opt_ood_reuse,log18,allocate,49,32,131328.125,4194304,2,66560,1
opt_ood_reuse,log18,scratch,49,32,150445.312,4194304,0,0,1
opt_ood_reuse,log18,allocate,50,32,154229.156,4194304,2,66560,1
opt_ood_reuse,log18,scratch,50,32,152798.188,4194304,0,0,1
opt_ood_reuse,log18,scratch,51,32,145088.562,4194304,0,0,1
opt_ood_reuse,log18,allocate,51,32,141123.719,4194304,2,66560,1
opt_ood_reuse,log18,allocate,52,32,140546.875,4194304,2,66560,1
opt_ood_reuse,log18,scratch,52,32,142747.406,4194304,0,0,1
opt_ood_reuse,log18,allocate,53,32,136869.781,4194304,2,66560,1
opt_ood_reuse,log18,scratch,53,32,132579.438,4194304,0,0,1
opt_ood_reuse,log18,allocate,54,32,149707.031,4194304,2,66560,1
opt_ood_reuse,log18,scratch,54,32,147170.562,4194304,0,0,1
opt_ood_reuse,log18,allocate,55,32,140239.594,4194304,2,66560,1
opt_ood_reuse,log18,scratch,55,32,134929.688,4194304,0,0,1
opt_ood_reuse,log18,allocate,56,32,139282.531,4194304,2,66560,1
opt_ood_reuse,log18,scratch,56,32,145407.562,4194304,0,0,1
opt_ood_reuse,log18,allocate,57,32,131355.469,4194304,2,66560,1
opt_ood_reuse,log18,scratch,57,32,144421.875,4194304,0,0,1
opt_ood_reuse,log18,allocate,58,32,155130.219,4194304,2,66560,1
opt_ood_reuse,log18,scratch,58,32,143404.938,4194304,0,0,1
opt_ood_reuse,log18,scratch,59,32,148503.906,4194304,0,0,1
opt_ood_reuse,log18,allocate,59,32,144898.438,4194304,2,66560,1
opt_ood_reuse,log18,scratch,60,32,146145.844,4194304,0,0,1
opt_ood_reuse,log18,allocate,60,32,151091.125,4194304,2,66560,1
opt_ood_reuse,log18,scratch,61,32,150398.438,4194304,0,0,1
opt_ood_reuse,log18,allocate,61,32,129141.906,4194304,2,66560,1
opt_ood_reuse,log18,scratch,62,32,127697.906,4194304,0,0,1
opt_ood_reuse,log18,allocate,62,32,136378.906,4194304,2,66560,1
opt_ood_reuse,log18,allocate,63,32,135296.875,4194304,2,66560,1
opt_ood_reuse,log18,scratch,63,32,148162.750,4194304,0,0,1
opt_ntt,log15_lanes32,production,0,2,4523187.500,50331648,1,1520,1
opt_ntt,log15_lanes32,depth_first,0,2,3085687.500,50331648,0,0,1
opt_ntt,log15_lanes32,production,1,2,2967958.500,50331648,1,1520,1
opt_ntt,log15_lanes32,depth_first,1,2,2654166.500,50331648,0,0,1
opt_ntt,log15_lanes32,depth_first,2,2,2800458.500,50331648,0,0,1
opt_ntt,log15_lanes32,production,2,2,2841896.000,50331648,1,1520,1
opt_ntt,log15_lanes32,production,3,2,3012479.000,50331648,1,1520,1
opt_ntt,log15_lanes32,depth_first,3,2,2881021.000,50331648,0,0,1
opt_ntt,log15_lanes32,production,4,2,3129146.000,50331648,1,1520,1
opt_ntt,log15_lanes32,depth_first,4,2,4387771.000,50331648,0,0,1
opt_ntt,log15_lanes32,production,5,2,2971771.000,50331648,1,1520,1
opt_ntt,log15_lanes32,depth_first,5,2,3171333.500,50331648,0,0,1
opt_ntt,log15_lanes32,depth_first,6,2,2978854.000,50331648,0,0,1
opt_ntt,log15_lanes32,production,6,2,3160958.500,50331648,1,1520,1
opt_ntt,log15_lanes32,depth_first,7,2,2632125.000,50331648,0,0,1
opt_ntt,log15_lanes32,production,7,2,2876833.500,50331648,1,1520,1
opt_ntt,log15_lanes32,depth_first,8,2,3176167.000,50331648,0,0,1
opt_ntt,log15_lanes32,production,8,2,2999771.000,50331648,1,1520,1
opt_ntt,log15_lanes32,depth_first,9,2,3029041.500,50331648,0,0,1
opt_ntt,log15_lanes32,production,9,2,2903083.000,50331648,1,1520,1
opt_ntt,log15_lanes32,depth_first,10,2,2810291.500,50331648,0,0,1
opt_ntt,log15_lanes32,production,10,2,2553583.500,50331648,1,1520,1
opt_ntt,log15_lanes32,production,11,2,2950896.000,50331648,1,1520,1
opt_ntt,log15_lanes32,depth_first,11,2,2972104.000,50331648,0,0,1
opt_ntt,log15_lanes32,depth_first,12,2,2876000.000,50331648,0,0,1
opt_ntt,log15_lanes32,production,12,2,2599312.500,50331648,1,1520,1
opt_ntt,log15_lanes32,depth_first,13,2,2863333.000,50331648,0,0,1
opt_ntt,log15_lanes32,production,13,2,2853500.000,50331648,1,1520,1
opt_ntt,log15_lanes32,depth_first,14,2,2793625.000,50331648,0,0,1
opt_ntt,log15_lanes32,production,14,2,2852500.000,50331648,1,1520,1
opt_ntt,log15_lanes32,production,15,2,2835812.500,50331648,1,1520,1
opt_ntt,log15_lanes32,depth_first,15,2,2906291.500,50331648,0,0,1
opt_ntt,log15_lanes32,production,16,2,2707437.500,50331648,1,1520,1
opt_ntt,log15_lanes32,depth_first,16,2,2739187.500,50331648,0,0,1
opt_ntt,log15_lanes32,depth_first,17,2,2807937.500,50331648,0,0,1
opt_ntt,log15_lanes32,production,17,2,2687521.000,50331648,1,1520,1
opt_ntt,log15_lanes32,production,18,2,2950062.500,50331648,1,1520,1
opt_ntt,log15_lanes32,depth_first,18,2,2647229.000,50331648,0,0,1
opt_ntt,log15_lanes32,production,19,2,2976937.500,50331648,1,1520,1
opt_ntt,log15_lanes32,depth_first,19,2,2906687.500,50331648,0,0,1
opt_ntt,log15_lanes32,production,20,2,2252125.000,50331648,1,1520,1
opt_ntt,log15_lanes32,depth_first,20,2,2909375.000,50331648,0,0,1
opt_ntt,log15_lanes32,production,21,2,3028229.000,50331648,1,1520,1
opt_ntt,log15_lanes32,depth_first,21,2,2655000.000,50331648,0,0,1
opt_ntt,log15_lanes32,production,22,2,2533166.500,50331648,1,1520,1
opt_ntt,log15_lanes32,depth_first,22,2,2686333.500,50331648,0,0,1
opt_ntt,log15_lanes32,production,23,2,2666479.500,50331648,1,1520,1
opt_ntt,log15_lanes32,depth_first,23,2,2873104.500,50331648,0,0,1
opt_ntt,log15_lanes32,depth_first,24,2,2879937.500,50331648,0,0,1
opt_ntt,log15_lanes32,production,24,2,2502708.500,50331648,1,1520,1
opt_ntt,log15_lanes32,production,25,2,2790104.500,50331648,1,1520,1
opt_ntt,log15_lanes32,depth_first,25,2,2932500.000,50331648,0,0,1
opt_ntt,log15_lanes32,depth_first,26,2,3354979.500,50331648,0,0,1
opt_ntt,log15_lanes32,production,26,2,2706708.500,50331648,1,1520,1
opt_ntt,log15_lanes32,depth_first,27,2,2935437.500,50331648,0,0,1
opt_ntt,log15_lanes32,production,27,2,2899583.000,50331648,1,1520,1
opt_ntt,log15_lanes32,production,28,2,2611229.500,50331648,1,1520,1
opt_ntt,log15_lanes32,depth_first,28,2,2881041.500,50331648,0,0,1
opt_ntt,log15_lanes32,production,29,2,3058937.500,50331648,1,1520,1
opt_ntt,log15_lanes32,depth_first,29,2,2761812.500,50331648,0,0,1
opt_ntt,log15_lanes32,production,30,2,2758562.500,50331648,1,1520,1
opt_ntt,log15_lanes32,depth_first,30,2,2743000.000,50331648,0,0,1
opt_ntt,log15_lanes32,depth_first,31,2,2742583.500,50331648,0,0,1
opt_ntt,log15_lanes32,production,31,2,2611541.500,50331648,1,1520,1
opt_ntt,log15_lanes32,depth_first,32,2,2766687.500,50331648,0,0,1
opt_ntt,log15_lanes32,production,32,2,2593729.000,50331648,1,1520,1
opt_ntt,log15_lanes32,depth_first,33,2,2720250.000,50331648,0,0,1
opt_ntt,log15_lanes32,production,33,2,2535687.500,50331648,1,1520,1
opt_ntt,log15_lanes32,depth_first,34,2,2782791.500,50331648,0,0,1
opt_ntt,log15_lanes32,production,34,2,2722354.500,50331648,1,1520,1
opt_ntt,log15_lanes32,depth_first,35,2,2646541.500,50331648,0,0,1
opt_ntt,log15_lanes32,production,35,2,2853854.000,50331648,1,1520,1
opt_ntt,log15_lanes32,depth_first,36,2,2977791.500,50331648,0,0,1
opt_ntt,log15_lanes32,production,36,2,3181375.000,50331648,1,1520,1
opt_ntt,log15_lanes32,depth_first,37,2,2614646.000,50331648,0,0,1
opt_ntt,log15_lanes32,production,37,2,2653208.000,50331648,1,1520,1
opt_ntt,log15_lanes32,depth_first,38,2,2816708.500,50331648,0,0,1
opt_ntt,log15_lanes32,production,38,2,3037396.000,50331648,1,1520,1
opt_ntt,log15_lanes32,depth_first,39,2,3337687.500,50331648,0,0,1
opt_ntt,log15_lanes32,production,39,2,2715104.000,50331648,1,1520,1
opt_ntt,log15_lanes32,depth_first,40,2,2923500.000,50331648,0,0,1
opt_ntt,log15_lanes32,production,40,2,2557166.500,50331648,1,1520,1
opt_ntt,log15_lanes32,production,41,2,2604812.500,50331648,1,1520,1
opt_ntt,log15_lanes32,depth_first,41,2,2636333.500,50331648,0,0,1
opt_ntt,log15_lanes32,depth_first,42,2,2731020.500,50331648,0,0,1
opt_ntt,log15_lanes32,production,42,2,2712062.500,50331648,1,1520,1
opt_ntt,log15_lanes32,production,43,2,2864208.500,50331648,1,1520,1
opt_ntt,log15_lanes32,depth_first,43,2,2750062.500,50331648,0,0,1
opt_ntt,log15_lanes32,production,44,2,3087437.500,50331648,1,1520,1
opt_ntt,log15_lanes32,depth_first,44,2,2807812.500,50331648,0,0,1
opt_ntt,log15_lanes32,production,45,2,3107395.500,50331648,1,1520,1
opt_ntt,log15_lanes32,depth_first,45,2,2834041.500,50331648,0,0,1
opt_ntt,log15_lanes32,production,46,2,2638083.500,50331648,1,1520,1
opt_ntt,log15_lanes32,depth_first,46,2,2870791.500,50331648,0,0,1
opt_ntt,log15_lanes32,production,47,2,3083791.500,50331648,1,1520,1
opt_ntt,log15_lanes32,depth_first,47,2,2834479.000,50331648,0,0,1
opt_ntt,log15_lanes32,production,48,2,3081166.500,50331648,1,1520,1
opt_ntt,log15_lanes32,depth_first,48,2,2659125.000,50331648,0,0,1
opt_ntt,log15_lanes32,depth_first,49,2,2719562.500,50331648,0,0,1
opt_ntt,log15_lanes32,production,49,2,2406521.000,50331648,1,1520,1
opt_ntt,log15_lanes32,production,50,2,2967625.000,50331648,1,1520,1
opt_ntt,log15_lanes32,depth_first,50,2,3485208.000,50331648,0,0,1
opt_ntt,log15_lanes32,production,51,2,3616854.000,50331648,1,1520,1
opt_ntt,log15_lanes32,depth_first,51,2,2774208.500,50331648,0,0,1
opt_ntt,log15_lanes32,production,52,2,2887042.000,50331648,1,1520,1
opt_ntt,log15_lanes32,depth_first,52,2,2685125.000,50331648,0,0,1
opt_ntt,log15_lanes32,production,53,2,3038125.000,50331648,1,1520,1
opt_ntt,log15_lanes32,depth_first,53,2,2881750.000,50331648,0,0,1
opt_ntt,log15_lanes32,depth_first,54,2,2820312.500,50331648,0,0,1
opt_ntt,log15_lanes32,production,54,2,2509771.000,50331648,1,1520,1
opt_ntt,log15_lanes32,production,55,2,2713895.500,50331648,1,1520,1
opt_ntt,log15_lanes32,depth_first,55,2,2647541.500,50331648,0,0,1
opt_ntt,log15_lanes32,depth_first,56,2,2876687.500,50331648,0,0,1
opt_ntt,log15_lanes32,production,56,2,3216958.500,50331648,1,1520,1
opt_ntt,log15_lanes32,depth_first,57,2,2843062.500,50331648,0,0,1
opt_ntt,log15_lanes32,production,57,2,2829625.000,50331648,1,1520,1
opt_ntt,log15_lanes32,depth_first,58,2,2649937.500,50331648,0,0,1
opt_ntt,log15_lanes32,production,58,2,2733437.500,50331648,1,1520,1
opt_ntt,log15_lanes32,depth_first,59,2,2901396.000,50331648,0,0,1
opt_ntt,log15_lanes32,production,59,2,3157125.000,50331648,1,1520,1
opt_ntt,log15_lanes32,production,60,2,2825916.500,50331648,1,1520,1
opt_ntt,log15_lanes32,depth_first,60,2,2650270.500,50331648,0,0,1
opt_ntt,log15_lanes32,depth_first,61,2,2624729.000,50331648,0,0,1
opt_ntt,log15_lanes32,production,61,2,2929187.500,50331648,1,1520,1
opt_ntt,log15_lanes32,production,62,2,2938916.500,50331648,1,1520,1
opt_ntt,log15_lanes32,depth_first,62,2,2848521.000,50331648,0,0,1
opt_ntt,log15_lanes32,production,63,2,2655500.000,50331648,1,1520,1
opt_ntt,log15_lanes32,depth_first,63,2,2741333.500,50331648,0,0,1
opt_ntt,log16_lanes32,depth_first,0,1,6213292.000,100663296,0,0,1
opt_ntt,log16_lanes32,production,0,1,6286834.000,100663296,1,1520,1
opt_ntt,log16_lanes32,depth_first,1,1,5994500.000,100663296,0,0,1
opt_ntt,log16_lanes32,production,1,1,4663667.000,100663296,1,1520,1
opt_ntt,log16_lanes32,depth_first,2,1,5613000.000,100663296,0,0,1
opt_ntt,log16_lanes32,production,2,1,5572709.000,100663296,1,1520,1
opt_ntt,log16_lanes32,depth_first,3,1,5722042.000,100663296,0,0,1
opt_ntt,log16_lanes32,production,3,1,7992375.000,100663296,1,1520,1
opt_ntt,log16_lanes32,production,4,1,4880208.000,100663296,1,1520,1
opt_ntt,log16_lanes32,depth_first,4,1,6073416.000,100663296,0,0,1
opt_ntt,log16_lanes32,depth_first,5,1,5349875.000,100663296,0,0,1
opt_ntt,log16_lanes32,production,5,1,5597792.000,100663296,1,1520,1
opt_ntt,log16_lanes32,depth_first,6,1,6248458.000,100663296,0,0,1
opt_ntt,log16_lanes32,production,6,1,5447583.000,100663296,1,1520,1
opt_ntt,log16_lanes32,production,7,1,5629875.000,100663296,1,1520,1
opt_ntt,log16_lanes32,depth_first,7,1,6782541.000,100663296,0,0,1
opt_ntt,log16_lanes32,production,8,1,5949917.000,100663296,1,1520,1
opt_ntt,log16_lanes32,depth_first,8,1,6191166.000,100663296,0,0,1
opt_ntt,log16_lanes32,production,9,1,5643250.000,100663296,1,1520,1
opt_ntt,log16_lanes32,depth_first,9,1,5421417.000,100663296,0,0,1
opt_ntt,log16_lanes32,production,10,1,5062959.000,100663296,1,1520,1
opt_ntt,log16_lanes32,depth_first,10,1,5942084.000,100663296,0,0,1
opt_ntt,log16_lanes32,production,11,1,5778916.000,100663296,1,1520,1
opt_ntt,log16_lanes32,depth_first,11,1,5623875.000,100663296,0,0,1
opt_ntt,log16_lanes32,production,12,1,5816083.000,100663296,1,1520,1
opt_ntt,log16_lanes32,depth_first,12,1,5753041.000,100663296,0,0,1
opt_ntt,log16_lanes32,production,13,1,4968833.000,100663296,1,1520,1
opt_ntt,log16_lanes32,depth_first,13,1,5318375.000,100663296,0,0,1
opt_ntt,log16_lanes32,depth_first,14,1,6152167.000,100663296,0,0,1
opt_ntt,log16_lanes32,production,14,1,5656542.000,100663296,1,1520,1
opt_ntt,log16_lanes32,production,15,1,9892000.000,100663296,1,1520,1
opt_ntt,log16_lanes32,depth_first,15,1,5210542.000,100663296,0,0,1
opt_ntt,log16_lanes32,production,16,1,5401916.000,100663296,1,1520,1
opt_ntt,log16_lanes32,depth_first,16,1,5697709.000,100663296,0,0,1
opt_ntt,log16_lanes32,production,17,1,9848500.000,100663296,1,1520,1
opt_ntt,log16_lanes32,depth_first,17,1,7472792.000,100663296,0,0,1
opt_ntt,log16_lanes32,depth_first,18,1,5850583.000,100663296,0,0,1
opt_ntt,log16_lanes32,production,18,1,5967625.000,100663296,1,1520,1
opt_ntt,log16_lanes32,production,19,1,5310333.000,100663296,1,1520,1
opt_ntt,log16_lanes32,depth_first,19,1,5884334.000,100663296,0,0,1
opt_ntt,log16_lanes32,production,20,1,11517625.000,100663296,1,1520,1
opt_ntt,log16_lanes32,depth_first,20,1,7873500.000,100663296,0,0,1
opt_ntt,log16_lanes32,production,21,1,5272875.000,100663296,1,1520,1
opt_ntt,log16_lanes32,depth_first,21,1,5482458.000,100663296,0,0,1
opt_ntt,log16_lanes32,production,22,1,6414458.000,100663296,1,1520,1
opt_ntt,log16_lanes32,depth_first,22,1,6313292.000,100663296,0,0,1
opt_ntt,log16_lanes32,depth_first,23,1,5963292.000,100663296,0,0,1
opt_ntt,log16_lanes32,production,23,1,5365208.000,100663296,1,1520,1
opt_ntt,log16_lanes32,depth_first,24,1,5668959.000,100663296,0,0,1
opt_ntt,log16_lanes32,production,24,1,5546959.000,100663296,1,1520,1
opt_ntt,log16_lanes32,production,25,1,5180834.000,100663296,1,1520,1
opt_ntt,log16_lanes32,depth_first,25,1,5410500.000,100663296,0,0,1
opt_ntt,log16_lanes32,depth_first,26,1,5106958.000,100663296,0,0,1
opt_ntt,log16_lanes32,production,26,1,5430834.000,100663296,1,1520,1
opt_ntt,log16_lanes32,depth_first,27,1,5725583.000,100663296,0,0,1
opt_ntt,log16_lanes32,production,27,1,6184375.000,100663296,1,1520,1
opt_ntt,log16_lanes32,production,28,1,9903334.000,100663296,1,1520,1
opt_ntt,log16_lanes32,depth_first,28,1,4943417.000,100663296,0,0,1
opt_ntt,log16_lanes32,production,29,1,5217166.000,100663296,1,1520,1
opt_ntt,log16_lanes32,depth_first,29,1,5628708.000,100663296,0,0,1
opt_ntt,log16_lanes32,production,30,1,6691042.000,100663296,1,1520,1
opt_ntt,log16_lanes32,depth_first,30,1,6635250.000,100663296,0,0,1
opt_ntt,log16_lanes32,production,31,1,5366584.000,100663296,1,1520,1
opt_ntt,log16_lanes32,depth_first,31,1,5398792.000,100663296,0,0,1
opt_ntt,log16_lanes32,depth_first,32,1,5469083.000,100663296,0,0,1
opt_ntt,log16_lanes32,production,32,1,5666250.000,100663296,1,1520,1
opt_ntt,log16_lanes32,production,33,1,5648375.000,100663296,1,1520,1
opt_ntt,log16_lanes32,depth_first,33,1,5119084.000,100663296,0,0,1
opt_ntt,log16_lanes32,depth_first,34,1,6037750.000,100663296,0,0,1
opt_ntt,log16_lanes32,production,34,1,5476166.000,100663296,1,1520,1
opt_ntt,log16_lanes32,production,35,1,5251875.000,100663296,1,1520,1
opt_ntt,log16_lanes32,depth_first,35,1,5555625.000,100663296,0,0,1
opt_ntt,log16_lanes32,production,36,1,5617083.000,100663296,1,1520,1
opt_ntt,log16_lanes32,depth_first,36,1,5300125.000,100663296,0,0,1
opt_ntt,log16_lanes32,production,37,1,5328625.000,100663296,1,1520,1
opt_ntt,log16_lanes32,depth_first,37,1,5473417.000,100663296,0,0,1
opt_ntt,log16_lanes32,production,38,1,5190083.000,100663296,1,1520,1
opt_ntt,log16_lanes32,depth_first,38,1,5900000.000,100663296,0,0,1
opt_ntt,log16_lanes32,depth_first,39,1,6812750.000,100663296,0,0,1
opt_ntt,log16_lanes32,production,39,1,5360292.000,100663296,1,1520,1
opt_ntt,log16_lanes32,depth_first,40,1,5446833.000,100663296,0,0,1
opt_ntt,log16_lanes32,production,40,1,4902958.000,100663296,1,1520,1
opt_ntt,log16_lanes32,depth_first,41,1,5760833.000,100663296,0,0,1
opt_ntt,log16_lanes32,production,41,1,5101417.000,100663296,1,1520,1
opt_ntt,log16_lanes32,production,42,1,6154875.000,100663296,1,1520,1
opt_ntt,log16_lanes32,depth_first,42,1,5951625.000,100663296,0,0,1
opt_ntt,log16_lanes32,production,43,1,5496333.000,100663296,1,1520,1
opt_ntt,log16_lanes32,depth_first,43,1,5323500.000,100663296,0,0,1
opt_ntt,log16_lanes32,depth_first,44,1,4949667.000,100663296,0,0,1
opt_ntt,log16_lanes32,production,44,1,5076250.000,100663296,1,1520,1
opt_ntt,log16_lanes32,production,45,1,6256458.000,100663296,1,1520,1
opt_ntt,log16_lanes32,depth_first,45,1,6073417.000,100663296,0,0,1
opt_ntt,log16_lanes32,depth_first,46,1,5489916.000,100663296,0,0,1
opt_ntt,log16_lanes32,production,46,1,5361125.000,100663296,1,1520,1
opt_ntt,log16_lanes32,production,47,1,4624458.000,100663296,1,1520,1
opt_ntt,log16_lanes32,depth_first,47,1,5992000.000,100663296,0,0,1
opt_ntt,log16_lanes32,depth_first,48,1,6181125.000,100663296,0,0,1
opt_ntt,log16_lanes32,production,48,1,5628834.000,100663296,1,1520,1
opt_ntt,log16_lanes32,depth_first,49,1,6755083.000,100663296,0,0,1
opt_ntt,log16_lanes32,production,49,1,4858792.000,100663296,1,1520,1
opt_ntt,log16_lanes32,depth_first,50,1,5263417.000,100663296,0,0,1
opt_ntt,log16_lanes32,production,50,1,5029417.000,100663296,1,1520,1
opt_ntt,log16_lanes32,production,51,1,5977792.000,100663296,1,1520,1
opt_ntt,log16_lanes32,depth_first,51,1,5430125.000,100663296,0,0,1
opt_ntt,log16_lanes32,depth_first,52,1,5410916.000,100663296,0,0,1
opt_ntt,log16_lanes32,production,52,1,5447166.000,100663296,1,1520,1
opt_ntt,log16_lanes32,depth_first,53,1,5530875.000,100663296,0,0,1
opt_ntt,log16_lanes32,production,53,1,6215125.000,100663296,1,1520,1
opt_ntt,log16_lanes32,production,54,1,5444125.000,100663296,1,1520,1
opt_ntt,log16_lanes32,depth_first,54,1,5254292.000,100663296,0,0,1
opt_ntt,log16_lanes32,depth_first,55,1,5478625.000,100663296,0,0,1
opt_ntt,log16_lanes32,production,55,1,5696541.000,100663296,1,1520,1
opt_ntt,log16_lanes32,production,56,1,5240417.000,100663296,1,1520,1
opt_ntt,log16_lanes32,depth_first,56,1,5985583.000,100663296,0,0,1
opt_ntt,log16_lanes32,production,57,1,5996792.000,100663296,1,1520,1
opt_ntt,log16_lanes32,depth_first,57,1,5387125.000,100663296,0,0,1
opt_ntt,log16_lanes32,depth_first,58,1,5825625.000,100663296,0,0,1
opt_ntt,log16_lanes32,production,58,1,5074292.000,100663296,1,1520,1
opt_ntt,log16_lanes32,production,59,1,4922416.000,100663296,1,1520,1
opt_ntt,log16_lanes32,depth_first,59,1,5836750.000,100663296,0,0,1
opt_ntt,log16_lanes32,depth_first,60,1,6484834.000,100663296,0,0,1
opt_ntt,log16_lanes32,production,60,1,5748916.000,100663296,1,1520,1
opt_ntt,log16_lanes32,depth_first,61,1,6183667.000,100663296,0,0,1
opt_ntt,log16_lanes32,production,61,1,5767042.000,100663296,1,1520,1
opt_ntt,log16_lanes32,production,62,1,5341209.000,100663296,1,1520,1
opt_ntt,log16_lanes32,depth_first,62,1,5732709.000,100663296,0,0,1
opt_ntt,log16_lanes32,production,63,1,5406208.000,100663296,1,1520,1
opt_ntt,log16_lanes32,depth_first,63,1,6253917.000,100663296,0,0,1
opt_ntt,log18_lanes32,production,0,1,23863125.000,402653184,1,1520,1
opt_ntt,log18_lanes32,depth_first,0,1,23388875.000,402653184,0,0,1
opt_ntt,log18_lanes32,depth_first,1,1,23906166.000,402653184,0,0,1
opt_ntt,log18_lanes32,production,1,1,22589208.000,402653184,1,1520,1
opt_ntt,log18_lanes32,depth_first,2,1,22384084.000,402653184,0,0,1
opt_ntt,log18_lanes32,production,2,1,21763292.000,402653184,1,1520,1
opt_ntt,log18_lanes32,production,3,1,23746292.000,402653184,1,1520,1
opt_ntt,log18_lanes32,depth_first,3,1,24203458.000,402653184,0,0,1
opt_ntt,log18_lanes32,depth_first,4,1,22541458.000,402653184,0,0,1
opt_ntt,log18_lanes32,production,4,1,25991500.000,402653184,1,1520,1
opt_ntt,log18_lanes32,production,5,1,24361750.000,402653184,1,1520,1
opt_ntt,log18_lanes32,depth_first,5,1,22939583.000,402653184,0,0,1
opt_ntt,log18_lanes32,production,6,1,21807083.000,402653184,1,1520,1
opt_ntt,log18_lanes32,depth_first,6,1,24262959.000,402653184,0,0,1
opt_ntt,log18_lanes32,production,7,1,22364417.000,402653184,1,1520,1
opt_ntt,log18_lanes32,depth_first,7,1,23149625.000,402653184,0,0,1
opt_ntt,log18_lanes32,depth_first,8,1,23878542.000,402653184,0,0,1
opt_ntt,log18_lanes32,production,8,1,22828375.000,402653184,1,1520,1
opt_ntt,log18_lanes32,production,9,1,21212417.000,402653184,1,1520,1
opt_ntt,log18_lanes32,depth_first,9,1,22437292.000,402653184,0,0,1
opt_ntt,log18_lanes32,depth_first,10,1,24689083.000,402653184,0,0,1
opt_ntt,log18_lanes32,production,10,1,21213917.000,402653184,1,1520,1
opt_ntt,log18_lanes32,depth_first,11,1,22499667.000,402653184,0,0,1
opt_ntt,log18_lanes32,production,11,1,23735542.000,402653184,1,1520,1
opt_ntt,log18_lanes32,depth_first,12,1,24362750.000,402653184,0,0,1
opt_ntt,log18_lanes32,production,12,1,24400084.000,402653184,1,1520,1
opt_ntt,log18_lanes32,depth_first,13,1,24113791.000,402653184,0,0,1
opt_ntt,log18_lanes32,production,13,1,21939625.000,402653184,1,1520,1
opt_ntt,log18_lanes32,production,14,1,20914333.000,402653184,1,1520,1
opt_ntt,log18_lanes32,depth_first,14,1,24892208.000,402653184,0,0,1
opt_ntt,log18_lanes32,production,15,1,23206542.000,402653184,1,1520,1
opt_ntt,log18_lanes32,depth_first,15,1,23264833.000,402653184,0,0,1
opt_ntt,log18_lanes32,production,16,1,22519833.000,402653184,1,1520,1
opt_ntt,log18_lanes32,depth_first,16,1,23281833.000,402653184,0,0,1
opt_ntt,log18_lanes32,depth_first,17,1,23845375.000,402653184,0,0,1
opt_ntt,log18_lanes32,production,17,1,21310917.000,402653184,1,1520,1
opt_ntt,log18_lanes32,depth_first,18,1,24643541.000,402653184,0,0,1
opt_ntt,log18_lanes32,production,18,1,22964625.000,402653184,1,1520,1
opt_ntt,log18_lanes32,depth_first,19,1,22329292.000,402653184,0,0,1
opt_ntt,log18_lanes32,production,19,1,23677584.000,402653184,1,1520,1
opt_ntt,log18_lanes32,depth_first,20,1,24118666.000,402653184,0,0,1
opt_ntt,log18_lanes32,production,20,1,23078833.000,402653184,1,1520,1
opt_ntt,log18_lanes32,depth_first,21,1,26080125.000,402653184,0,0,1
opt_ntt,log18_lanes32,production,21,1,29170708.000,402653184,1,1520,1
opt_ntt,log18_lanes32,depth_first,22,1,23251833.000,402653184,0,0,1
opt_ntt,log18_lanes32,production,22,1,21419417.000,402653184,1,1520,1
opt_ntt,log18_lanes32,depth_first,23,1,22849625.000,402653184,0,0,1
opt_ntt,log18_lanes32,production,23,1,22756625.000,402653184,1,1520,1
opt_ntt,log18_lanes32,production,24,1,21175875.000,402653184,1,1520,1
opt_ntt,log18_lanes32,depth_first,24,1,22235458.000,402653184,0,0,1
opt_ntt,log18_lanes32,depth_first,25,1,22277375.000,402653184,0,0,1
opt_ntt,log18_lanes32,production,25,1,23049000.000,402653184,1,1520,1
opt_ntt,log18_lanes32,depth_first,26,1,23136334.000,402653184,0,0,1
opt_ntt,log18_lanes32,production,26,1,23426042.000,402653184,1,1520,1
opt_ntt,log18_lanes32,production,27,1,21952416.000,402653184,1,1520,1
opt_ntt,log18_lanes32,depth_first,27,1,22546750.000,402653184,0,0,1
opt_ntt,log18_lanes32,depth_first,28,1,24587125.000,402653184,0,0,1
opt_ntt,log18_lanes32,production,28,1,22941167.000,402653184,1,1520,1
opt_ntt,log18_lanes32,depth_first,29,1,23884750.000,402653184,0,0,1
opt_ntt,log18_lanes32,production,29,1,23520708.000,402653184,1,1520,1
opt_ntt,log18_lanes32,depth_first,30,1,24838667.000,402653184,0,0,1
opt_ntt,log18_lanes32,production,30,1,25002584.000,402653184,1,1520,1
opt_ntt,log18_lanes32,production,31,1,25463583.000,402653184,1,1520,1
opt_ntt,log18_lanes32,depth_first,31,1,24204958.000,402653184,0,0,1
opt_ntt,log18_lanes32,production,32,1,23266041.000,402653184,1,1520,1
opt_ntt,log18_lanes32,depth_first,32,1,22368333.000,402653184,0,0,1
opt_ntt,log18_lanes32,depth_first,33,1,22604500.000,402653184,0,0,1
opt_ntt,log18_lanes32,production,33,1,23042125.000,402653184,1,1520,1
opt_ntt,log18_lanes32,production,34,1,21972333.000,402653184,1,1520,1
opt_ntt,log18_lanes32,depth_first,34,1,22252875.000,402653184,0,0,1
opt_ntt,log18_lanes32,production,35,1,23225000.000,402653184,1,1520,1
opt_ntt,log18_lanes32,depth_first,35,1,23266875.000,402653184,0,0,1
opt_ntt,log18_lanes32,production,36,1,22540500.000,402653184,1,1520,1
opt_ntt,log18_lanes32,depth_first,36,1,24146250.000,402653184,0,0,1
opt_ntt,log18_lanes32,production,37,1,21198083.000,402653184,1,1520,1
opt_ntt,log18_lanes32,depth_first,37,1,22566459.000,402653184,0,0,1
opt_ntt,log18_lanes32,production,38,1,20993083.000,402653184,1,1520,1
opt_ntt,log18_lanes32,depth_first,38,1,22445000.000,402653184,0,0,1
opt_ntt,log18_lanes32,production,39,1,21673834.000,402653184,1,1520,1
opt_ntt,log18_lanes32,depth_first,39,1,26983166.000,402653184,0,0,1
opt_ntt,log18_lanes32,production,40,1,29886625.000,402653184,1,1520,1
opt_ntt,log18_lanes32,depth_first,40,1,22088583.000,402653184,0,0,1
opt_ntt,log18_lanes32,production,41,1,22362250.000,402653184,1,1520,1
opt_ntt,log18_lanes32,depth_first,41,1,24101000.000,402653184,0,0,1
opt_ntt,log18_lanes32,production,42,1,25425458.000,402653184,1,1520,1
opt_ntt,log18_lanes32,depth_first,42,1,23343041.000,402653184,0,0,1
opt_ntt,log18_lanes32,production,43,1,29548500.000,402653184,1,1520,1
opt_ntt,log18_lanes32,depth_first,43,1,24193167.000,402653184,0,0,1
opt_ntt,log18_lanes32,production,44,1,23041084.000,402653184,1,1520,1
opt_ntt,log18_lanes32,depth_first,44,1,22896500.000,402653184,0,0,1
opt_ntt,log18_lanes32,production,45,1,26513083.000,402653184,1,1520,1
opt_ntt,log18_lanes32,depth_first,45,1,23694833.000,402653184,0,0,1
opt_ntt,log18_lanes32,production,46,1,22460750.000,402653184,1,1520,1
opt_ntt,log18_lanes32,depth_first,46,1,22727250.000,402653184,0,0,1
opt_ntt,log18_lanes32,production,47,1,24312542.000,402653184,1,1520,1
opt_ntt,log18_lanes32,depth_first,47,1,24823791.000,402653184,0,0,1
opt_ntt,log18_lanes32,depth_first,48,1,24020250.000,402653184,0,0,1
opt_ntt,log18_lanes32,production,48,1,26936500.000,402653184,1,1520,1
opt_ntt,log18_lanes32,production,49,1,23093875.000,402653184,1,1520,1
opt_ntt,log18_lanes32,depth_first,49,1,26295875.000,402653184,0,0,1
opt_ntt,log18_lanes32,depth_first,50,1,23132834.000,402653184,0,0,1
opt_ntt,log18_lanes32,production,50,1,22185833.000,402653184,1,1520,1
opt_ntt,log18_lanes32,depth_first,51,1,24847542.000,402653184,0,0,1
opt_ntt,log18_lanes32,production,51,1,21950583.000,402653184,1,1520,1
opt_ntt,log18_lanes32,production,52,1,22497916.000,402653184,1,1520,1
opt_ntt,log18_lanes32,depth_first,52,1,24381834.000,402653184,0,0,1
opt_ntt,log18_lanes32,production,53,1,22488709.000,402653184,1,1520,1
opt_ntt,log18_lanes32,depth_first,53,1,22478333.000,402653184,0,0,1
opt_ntt,log18_lanes32,production,54,1,23133416.000,402653184,1,1520,1
opt_ntt,log18_lanes32,depth_first,54,1,23525542.000,402653184,0,0,1
opt_ntt,log18_lanes32,depth_first,55,1,22969791.000,402653184,0,0,1
opt_ntt,log18_lanes32,production,55,1,25727833.000,402653184,1,1520,1
opt_ntt,log18_lanes32,production,56,1,21763750.000,402653184,1,1520,1
opt_ntt,log18_lanes32,depth_first,56,1,22462250.000,402653184,0,0,1
opt_ntt,log18_lanes32,depth_first,57,1,22154958.000,402653184,0,0,1
opt_ntt,log18_lanes32,production,57,1,22832000.000,402653184,1,1520,1
opt_ntt,log18_lanes32,production,58,1,21124417.000,402653184,1,1520,1
opt_ntt,log18_lanes32,depth_first,58,1,22731875.000,402653184,0,0,1
opt_ntt,log18_lanes32,depth_first,59,1,23187208.000,402653184,0,0,1
opt_ntt,log18_lanes32,production,59,1,21925625.000,402653184,1,1520,1
opt_ntt,log18_lanes32,depth_first,60,1,23055667.000,402653184,0,0,1
opt_ntt,log18_lanes32,production,60,1,22100666.000,402653184,1,1520,1
opt_ntt,log18_lanes32,production,61,1,23656750.000,402653184,1,1520,1
opt_ntt,log18_lanes32,depth_first,61,1,22135542.000,402653184,0,0,1
opt_ntt,log18_lanes32,production,62,1,23747875.000,402653184,1,1520,1
opt_ntt,log18_lanes32,depth_first,62,1,23433167.000,402653184,0,0,1
opt_ntt,log18_lanes32,depth_first,63,1,22453875.000,402653184,0,0,1
opt_ntt,log18_lanes32,production,63,1,22706167.000,402653184,1,1520,1
opt_pack,logs18_18,production,0,8,499395.875,8388608,1,8388608,1
opt_pack,logs18_18,single_write,0,8,431974.000,8388608,1,8388608,1
opt_pack,logs18_18,production,1,8,478546.875,8388608,1,8388608,1
opt_pack,logs18_18,single_write,1,8,454281.250,8388608,1,8388608,1
opt_pack,logs18_18,single_write,2,8,429713.500,8388608,1,8388608,1
opt_pack,logs18_18,production,2,8,436281.250,8388608,1,8388608,1
opt_pack,logs18_18,production,3,8,389380.125,8388608,1,8388608,1
opt_pack,logs18_18,single_write,3,8,444838.500,8388608,1,8388608,1
opt_pack,logs18_18,single_write,4,8,435609.375,8388608,1,8388608,1
opt_pack,logs18_18,production,4,8,437468.750,8388608,1,8388608,1
opt_pack,logs18_18,production,5,8,380213.625,8388608,1,8388608,1
opt_pack,logs18_18,single_write,5,8,454562.500,8388608,1,8388608,1
opt_pack,logs18_18,production,6,8,483479.125,8388608,1,8388608,1
opt_pack,logs18_18,single_write,6,8,458916.750,8388608,1,8388608,1
opt_pack,logs18_18,production,7,8,421234.375,8388608,1,8388608,1
opt_pack,logs18_18,single_write,7,8,431796.875,8388608,1,8388608,1
opt_pack,logs18_18,production,8,8,452000.000,8388608,1,8388608,1
opt_pack,logs18_18,single_write,8,8,434057.250,8388608,1,8388608,1
opt_pack,logs18_18,single_write,9,8,431848.875,8388608,1,8388608,1
opt_pack,logs18_18,production,9,8,431906.250,8388608,1,8388608,1
opt_pack,logs18_18,single_write,10,8,446005.250,8388608,1,8388608,1
opt_pack,logs18_18,production,10,8,485010.375,8388608,1,8388608,1
opt_pack,logs18_18,production,11,8,455166.625,8388608,1,8388608,1
opt_pack,logs18_18,single_write,11,8,445359.375,8388608,1,8388608,1
opt_pack,logs18_18,single_write,12,8,429890.625,8388608,1,8388608,1
opt_pack,logs18_18,production,12,8,401130.250,8388608,1,8388608,1
opt_pack,logs18_18,single_write,13,8,440369.750,8388608,1,8388608,1
opt_pack,logs18_18,production,13,8,508333.250,8388608,1,8388608,1
opt_pack,logs18_18,single_write,14,8,445536.500,8388608,1,8388608,1
opt_pack,logs18_18,production,14,8,363609.375,8388608,1,8388608,1
opt_pack,logs18_18,single_write,15,8,455614.500,8388608,1,8388608,1
opt_pack,logs18_18,production,15,8,411942.750,8388608,1,8388608,1
opt_pack,logs18_18,production,16,8,384901.000,8388608,1,8388608,1
opt_pack,logs18_18,single_write,16,8,440088.500,8388608,1,8388608,1
opt_pack,logs18_18,single_write,17,8,429776.000,8388608,1,8388608,1
opt_pack,logs18_18,production,17,8,407005.125,8388608,1,8388608,1
opt_pack,logs18_18,single_write,18,8,448250.000,8388608,1,8388608,1
opt_pack,logs18_18,production,18,8,400656.250,8388608,1,8388608,1
opt_pack,logs18_18,production,19,8,424656.250,8388608,1,8388608,1
opt_pack,logs18_18,single_write,19,8,444859.375,8388608,1,8388608,1
opt_pack,logs18_18,production,20,8,472182.250,8388608,1,8388608,1
opt_pack,logs18_18,single_write,20,8,449224.000,8388608,1,8388608,1
opt_pack,logs18_18,production,21,8,389671.875,8388608,1,8388608,1
opt_pack,logs18_18,single_write,21,8,439713.625,8388608,1,8388608,1
opt_pack,logs18_18,production,22,8,373432.250,8388608,1,8388608,1
opt_pack,logs18_18,single_write,22,8,456171.875,8388608,1,8388608,1
opt_pack,logs18_18,single_write,23,8,446895.750,8388608,1,8388608,1
opt_pack,logs18_18,production,23,8,490484.375,8388608,1,8388608,1
opt_pack,logs18_18,single_write,24,8,429416.625,8388608,1,8388608,1
opt_pack,logs18_18,production,24,8,486781.250,8388608,1,8388608,1
opt_pack,logs18_18,production,25,8,495093.750,8388608,1,8388608,1
opt_pack,logs18_18,single_write,25,8,449552.000,8388608,1,8388608,1
opt_pack,logs18_18,single_write,26,8,430489.625,8388608,1,8388608,1
opt_pack,logs18_18,production,26,8,424604.125,8388608,1,8388608,1
opt_pack,logs18_18,single_write,27,8,463145.875,8388608,1,8388608,1
opt_pack,logs18_18,production,27,8,423901.000,8388608,1,8388608,1
opt_pack,logs18_18,single_write,28,8,446130.125,8388608,1,8388608,1
opt_pack,logs18_18,production,28,8,417156.250,8388608,1,8388608,1
opt_pack,logs18_18,single_write,29,8,463942.750,8388608,1,8388608,1
opt_pack,logs18_18,production,29,8,437984.375,8388608,1,8388608,1
opt_pack,logs18_18,single_write,30,8,453760.375,8388608,1,8388608,1
opt_pack,logs18_18,production,30,8,378890.625,8388608,1,8388608,1
opt_pack,logs18_18,single_write,31,8,449557.250,8388608,1,8388608,1
opt_pack,logs18_18,production,31,8,368411.500,8388608,1,8388608,1
opt_pack,logs18_18,single_write,32,8,435333.375,8388608,1,8388608,1
opt_pack,logs18_18,production,32,8,483906.250,8388608,1,8388608,1
opt_pack,logs18_18,production,33,8,372244.750,8388608,1,8388608,1
opt_pack,logs18_18,single_write,33,8,466364.500,8388608,1,8388608,1
opt_pack,logs18_18,single_write,34,8,440947.875,8388608,1,8388608,1
opt_pack,logs18_18,production,34,8,388291.625,8388608,1,8388608,1
opt_pack,logs18_18,single_write,35,8,455947.875,8388608,1,8388608,1
opt_pack,logs18_18,production,35,8,388401.000,8388608,1,8388608,1
opt_pack,logs18_18,production,36,8,396796.875,8388608,1,8388608,1
opt_pack,logs18_18,single_write,36,8,454958.375,8388608,1,8388608,1
opt_pack,logs18_18,single_write,37,8,431770.875,8388608,1,8388608,1
opt_pack,logs18_18,production,37,8,389500.000,8388608,1,8388608,1
opt_pack,logs18_18,single_write,38,8,451364.500,8388608,1,8388608,1
opt_pack,logs18_18,production,38,8,350916.625,8388608,1,8388608,1
opt_pack,logs18_18,single_write,39,8,471718.750,8388608,1,8388608,1
opt_pack,logs18_18,production,39,8,392046.875,8388608,1,8388608,1
opt_pack,logs18_18,single_write,40,8,455484.375,8388608,1,8388608,1
opt_pack,logs18_18,production,40,8,408364.500,8388608,1,8388608,1
opt_pack,logs18_18,single_write,41,8,449239.625,8388608,1,8388608,1
opt_pack,logs18_18,production,41,8,435135.375,8388608,1,8388608,1
opt_pack,logs18_18,production,42,8,410958.375,8388608,1,8388608,1
opt_pack,logs18_18,single_write,42,8,450359.375,8388608,1,8388608,1
opt_pack,logs18_18,single_write,43,8,443375.000,8388608,1,8388608,1
opt_pack,logs18_18,production,43,8,391479.250,8388608,1,8388608,1
opt_pack,logs18_18,production,44,8,465239.500,8388608,1,8388608,1
opt_pack,logs18_18,single_write,44,8,461474.000,8388608,1,8388608,1
opt_pack,logs18_18,production,45,8,381510.375,8388608,1,8388608,1
opt_pack,logs18_18,single_write,45,8,458171.875,8388608,1,8388608,1
opt_pack,logs18_18,single_write,46,8,439026.000,8388608,1,8388608,1
opt_pack,logs18_18,production,46,8,417744.750,8388608,1,8388608,1
opt_pack,logs18_18,production,47,8,435468.750,8388608,1,8388608,1
opt_pack,logs18_18,single_write,47,8,429369.750,8388608,1,8388608,1
opt_pack,logs18_18,single_write,48,8,431385.375,8388608,1,8388608,1
opt_pack,logs18_18,production,48,8,439244.750,8388608,1,8388608,1
opt_pack,logs18_18,production,49,8,426864.500,8388608,1,8388608,1
opt_pack,logs18_18,single_write,49,8,455760.500,8388608,1,8388608,1
opt_pack,logs18_18,single_write,50,8,446640.625,8388608,1,8388608,1
opt_pack,logs18_18,production,50,8,358796.875,8388608,1,8388608,1
opt_pack,logs18_18,production,51,8,401114.625,8388608,1,8388608,1
opt_pack,logs18_18,single_write,51,8,459739.625,8388608,1,8388608,1
opt_pack,logs18_18,single_write,52,8,437067.625,8388608,1,8388608,1
opt_pack,logs18_18,production,52,8,459484.375,8388608,1,8388608,1
opt_pack,logs18_18,production,53,8,462093.750,8388608,1,8388608,1
opt_pack,logs18_18,single_write,53,8,457265.625,8388608,1,8388608,1
opt_pack,logs18_18,single_write,54,8,474494.750,8388608,1,8388608,1
opt_pack,logs18_18,production,54,8,433421.875,8388608,1,8388608,1
opt_pack,logs18_18,single_write,55,8,453354.125,8388608,1,8388608,1
opt_pack,logs18_18,production,55,8,371489.625,8388608,1,8388608,1
opt_pack,logs18_18,production,56,8,441463.500,8388608,1,8388608,1
opt_pack,logs18_18,single_write,56,8,448182.250,8388608,1,8388608,1
opt_pack,logs18_18,single_write,57,8,441598.875,8388608,1,8388608,1
opt_pack,logs18_18,production,57,8,490156.250,8388608,1,8388608,1
opt_pack,logs18_18,single_write,58,8,476198.000,8388608,1,8388608,1
opt_pack,logs18_18,production,58,8,437093.750,8388608,1,8388608,1
opt_pack,logs18_18,production,59,8,385505.250,8388608,1,8388608,1
opt_pack,logs18_18,single_write,59,8,463145.875,8388608,1,8388608,1
opt_pack,logs18_18,production,60,8,399036.500,8388608,1,8388608,1
opt_pack,logs18_18,single_write,60,8,456599.000,8388608,1,8388608,1
opt_pack,logs18_18,production,61,8,401177.125,8388608,1,8388608,1
opt_pack,logs18_18,single_write,61,8,449067.750,8388608,1,8388608,1
opt_pack,logs18_18,production,62,8,352724.000,8388608,1,8388608,1
opt_pack,logs18_18,single_write,62,8,463390.625,8388608,1,8388608,1
opt_pack,logs18_18,production,63,8,421739.625,8388608,1,8388608,1
opt_pack,logs18_18,single_write,63,8,445833.250,8388608,1,8388608,1
opt_packed_ood,logs18_18,production,0,8,622203.125,16777216,23,8525792,1
opt_packed_ood,logs18_18,single_write_ood,0,8,672802.125,16777216,3,8456192,1
opt_packed_ood,logs18_18,single_write_ood,1,8,715369.750,16777216,3,8456192,1
opt_packed_ood,logs18_18,production,1,8,573114.625,16777216,23,8525792,1
opt_packed_ood,logs18_18,single_write_ood,2,8,669125.000,16777216,3,8456192,1
opt_packed_ood,logs18_18,production,2,8,555932.250,16777216,23,8525792,1
opt_packed_ood,logs18_18,production,3,8,583708.375,16777216,23,8525792,1
opt_packed_ood,logs18_18,single_write_ood,3,8,687072.875,16777216,3,8456192,1
opt_packed_ood,logs18_18,single_write_ood,4,8,689557.375,16777216,3,8456192,1
opt_packed_ood,logs18_18,production,4,8,589234.375,16777216,23,8525792,1
opt_packed_ood,logs18_18,production,5,8,581890.625,16777216,23,8525792,1
opt_packed_ood,logs18_18,single_write_ood,5,8,675911.375,16777216,3,8456192,1
opt_packed_ood,logs18_18,single_write_ood,6,8,694276.000,16777216,3,8456192,1
opt_packed_ood,logs18_18,production,6,8,587974.000,16777216,23,8525792,1
opt_packed_ood,logs18_18,production,7,8,600468.750,16777216,23,8525792,1
opt_packed_ood,logs18_18,single_write_ood,7,8,711333.375,16777216,3,8456192,1
opt_packed_ood,logs18_18,production,8,8,613171.875,16777216,23,8525792,1
opt_packed_ood,logs18_18,single_write_ood,8,8,679437.500,16777216,3,8456192,1
opt_packed_ood,logs18_18,production,9,8,677630.125,16777216,23,8525792,1
opt_packed_ood,logs18_18,single_write_ood,9,8,697781.250,16777216,3,8456192,1
opt_packed_ood,logs18_18,production,10,8,623437.500,16777216,23,8525792,1
opt_packed_ood,logs18_18,single_write_ood,10,8,692333.375,16777216,3,8456192,1
opt_packed_ood,logs18_18,production,11,8,595473.875,16777216,23,8525792,1
opt_packed_ood,logs18_18,single_write_ood,11,8,697640.625,16777216,3,8456192,1
opt_packed_ood,logs18_18,production,12,8,611437.500,16777216,23,8525792,1
opt_packed_ood,logs18_18,single_write_ood,12,8,714401.000,16777216,3,8456192,1
opt_packed_ood,logs18_18,production,13,8,586198.000,16777216,23,8525792,1
opt_packed_ood,logs18_18,single_write_ood,13,8,682651.000,16777216,3,8456192,1
opt_packed_ood,logs18_18,production,14,8,605270.750,16777216,23,8525792,1
opt_packed_ood,logs18_18,single_write_ood,14,8,694599.000,16777216,3,8456192,1
opt_packed_ood,logs18_18,production,15,8,569020.875,16777216,23,8525792,1
opt_packed_ood,logs18_18,single_write_ood,15,8,689494.875,16777216,3,8456192,1
opt_packed_ood,logs18_18,single_write_ood,16,8,690666.625,16777216,3,8456192,1
opt_packed_ood,logs18_18,production,16,8,641895.750,16777216,23,8525792,1
opt_packed_ood,logs18_18,single_write_ood,17,8,685755.250,16777216,3,8456192,1
opt_packed_ood,logs18_18,production,17,8,611901.000,16777216,23,8525792,1
opt_packed_ood,logs18_18,single_write_ood,18,8,668135.500,16777216,3,8456192,1
opt_packed_ood,logs18_18,production,18,8,605317.750,16777216,23,8525792,1
opt_packed_ood,logs18_18,single_write_ood,19,8,689322.875,16777216,3,8456192,1
opt_packed_ood,logs18_18,production,19,8,605156.250,16777216,23,8525792,1
opt_packed_ood,logs18_18,single_write_ood,20,8,696708.375,16777216,3,8456192,1
opt_packed_ood,logs18_18,production,20,8,603677.125,16777216,23,8525792,1
opt_packed_ood,logs18_18,production,21,8,561286.500,16777216,23,8525792,1
opt_packed_ood,logs18_18,single_write_ood,21,8,660541.750,16777216,3,8456192,1
opt_packed_ood,logs18_18,single_write_ood,22,8,718515.625,16777216,3,8456192,1
opt_packed_ood,logs18_18,production,22,8,592135.500,16777216,23,8525792,1
opt_packed_ood,logs18_18,production,23,8,582218.750,16777216,23,8525792,1
opt_packed_ood,logs18_18,single_write_ood,23,8,692697.875,16777216,3,8456192,1
opt_packed_ood,logs18_18,production,24,8,522791.625,16777216,23,8525792,1
opt_packed_ood,logs18_18,single_write_ood,24,8,684828.125,16777216,3,8456192,1
opt_packed_ood,logs18_18,production,25,8,479229.250,16777216,23,8525792,1
opt_packed_ood,logs18_18,single_write_ood,25,8,711875.000,16777216,3,8456192,1
opt_packed_ood,logs18_18,single_write_ood,26,8,677916.750,16777216,3,8456192,1
opt_packed_ood,logs18_18,production,26,8,600645.875,16777216,23,8525792,1
opt_packed_ood,logs18_18,single_write_ood,27,8,698161.500,16777216,3,8456192,1
opt_packed_ood,logs18_18,production,27,8,586536.500,16777216,23,8525792,1
opt_packed_ood,logs18_18,single_write_ood,28,8,650052.000,16777216,3,8456192,1
opt_packed_ood,logs18_18,production,28,8,548614.625,16777216,23,8525792,1
opt_packed_ood,logs18_18,single_write_ood,29,8,660708.375,16777216,3,8456192,1
opt_packed_ood,logs18_18,production,29,8,630901.125,16777216,23,8525792,1
opt_packed_ood,logs18_18,production,30,8,533651.000,16777216,23,8525792,1
opt_packed_ood,logs18_18,single_write_ood,30,8,683015.625,16777216,3,8456192,1
opt_packed_ood,logs18_18,production,31,8,539979.125,16777216,23,8525792,1
opt_packed_ood,logs18_18,single_write_ood,31,8,692260.375,16777216,3,8456192,1
opt_packed_ood,logs18_18,single_write_ood,32,8,665875.000,16777216,3,8456192,1
opt_packed_ood,logs18_18,production,32,8,643354.125,16777216,23,8525792,1
opt_packed_ood,logs18_18,single_write_ood,33,8,659869.750,16777216,3,8456192,1
opt_packed_ood,logs18_18,production,33,8,549234.375,16777216,23,8525792,1
opt_packed_ood,logs18_18,production,34,8,507296.875,16777216,23,8525792,1
opt_packed_ood,logs18_18,single_write_ood,34,8,689849.000,16777216,3,8456192,1
opt_packed_ood,logs18_18,single_write_ood,35,8,694640.625,16777216,3,8456192,1
opt_packed_ood,logs18_18,production,35,8,641864.500,16777216,23,8525792,1
opt_packed_ood,logs18_18,production,36,8,586864.625,16777216,23,8525792,1
opt_packed_ood,logs18_18,single_write_ood,36,8,678229.250,16777216,3,8456192,1
opt_packed_ood,logs18_18,production,37,8,528947.875,16777216,23,8525792,1
opt_packed_ood,logs18_18,single_write_ood,37,8,690833.250,16777216,3,8456192,1
opt_packed_ood,logs18_18,production,38,8,521755.125,16777216,23,8525792,1
opt_packed_ood,logs18_18,single_write_ood,38,8,719802.125,16777216,3,8456192,1
opt_packed_ood,logs18_18,single_write_ood,39,8,689432.375,16777216,3,8456192,1
opt_packed_ood,logs18_18,production,39,8,620104.125,16777216,23,8525792,1
opt_packed_ood,logs18_18,production,40,8,546218.750,16777216,23,8525792,1
opt_packed_ood,logs18_18,single_write_ood,40,8,697635.375,16777216,3,8456192,1
opt_packed_ood,logs18_18,single_write_ood,41,8,668447.875,16777216,3,8456192,1
opt_packed_ood,logs18_18,production,41,8,545880.250,16777216,23,8525792,1
opt_packed_ood,logs18_18,single_write_ood,42,8,735416.625,16777216,3,8456192,1
opt_packed_ood,logs18_18,production,42,8,698026.125,16777216,23,8525792,1
opt_packed_ood,logs18_18,production,43,8,653552.125,16777216,23,8525792,1
opt_packed_ood,logs18_18,single_write_ood,43,8,684692.625,16777216,3,8456192,1
opt_packed_ood,logs18_18,production,44,8,579093.750,16777216,23,8525792,1
opt_packed_ood,logs18_18,single_write_ood,44,8,682093.750,16777216,3,8456192,1
opt_packed_ood,logs18_18,production,45,8,669656.250,16777216,23,8525792,1
opt_packed_ood,logs18_18,single_write_ood,45,8,690885.500,16777216,3,8456192,1
opt_packed_ood,logs18_18,single_write_ood,46,8,697760.375,16777216,3,8456192,1
opt_packed_ood,logs18_18,production,46,8,573802.125,16777216,23,8525792,1
opt_packed_ood,logs18_18,production,47,8,609484.375,16777216,23,8525792,1
opt_packed_ood,logs18_18,single_write_ood,47,8,680723.875,16777216,3,8456192,1
opt_packed_ood,logs18_18,single_write_ood,48,8,674395.875,16777216,3,8456192,1
opt_packed_ood,logs18_18,production,48,8,647901.125,16777216,23,8525792,1
opt_packed_ood,logs18_18,production,49,8,837703.125,16777216,23,8525792,1
opt_packed_ood,logs18_18,single_write_ood,49,8,781208.375,16777216,3,8456192,1
opt_packed_ood,logs18_18,production,50,8,890510.375,16777216,23,8525792,1
opt_packed_ood,logs18_18,single_write_ood,50,8,672640.625,16777216,3,8456192,1
opt_packed_ood,logs18_18,single_write_ood,51,8,669468.750,16777216,3,8456192,1
opt_packed_ood,logs18_18,production,51,8,615484.375,16777216,23,8525792,1
opt_packed_ood,logs18_18,production,52,8,589994.750,16777216,23,8525792,1
opt_packed_ood,logs18_18,single_write_ood,52,8,732593.750,16777216,3,8456192,1
opt_packed_ood,logs18_18,production,53,8,598932.250,16777216,23,8525792,1
opt_packed_ood,logs18_18,single_write_ood,53,8,672109.375,16777216,3,8456192,1
opt_packed_ood,logs18_18,production,54,8,605255.125,16777216,23,8525792,1
opt_packed_ood,logs18_18,single_write_ood,54,8,672854.250,16777216,3,8456192,1
opt_packed_ood,logs18_18,single_write_ood,55,8,697760.375,16777216,3,8456192,1
opt_packed_ood,logs18_18,production,55,8,631083.375,16777216,23,8525792,1
opt_packed_ood,logs18_18,single_write_ood,56,8,683161.375,16777216,3,8456192,1
opt_packed_ood,logs18_18,production,56,8,636687.500,16777216,23,8525792,1
opt_packed_ood,logs18_18,single_write_ood,57,8,680786.500,16777216,3,8456192,1
opt_packed_ood,logs18_18,production,57,8,584697.875,16777216,23,8525792,1
opt_packed_ood,logs18_18,single_write_ood,58,8,672323.000,16777216,3,8456192,1
opt_packed_ood,logs18_18,production,58,8,564562.500,16777216,23,8525792,1
opt_packed_ood,logs18_18,production,59,8,634609.375,16777216,23,8525792,1
opt_packed_ood,logs18_18,single_write_ood,59,8,670270.875,16777216,3,8456192,1
opt_packed_ood,logs18_18,production,60,8,608140.625,16777216,23,8525792,1
opt_packed_ood,logs18_18,single_write_ood,60,8,681713.500,16777216,3,8456192,1
opt_packed_ood,logs18_18,production,61,8,605234.375,16777216,23,8525792,1
opt_packed_ood,logs18_18,single_write_ood,61,8,671208.375,16777216,3,8456192,1
opt_packed_ood,logs18_18,single_write_ood,62,8,708260.375,16777216,3,8456192,1
opt_packed_ood,logs18_18,production,62,8,541401.000,16777216,23,8525792,1
opt_packed_ood,logs18_18,single_write_ood,63,8,693406.250,16777216,3,8456192,1
opt_packed_ood,logs18_18,production,63,8,567437.500,16777216,23,8525792,1
