session,variant,bits,protocol,rows,threads,samples,baseline_ms,current_ms,baseline_p10_ms,baseline_p90_ms,current_p10_ms,current_p90_ms,saved_percent,proof_digest
1,generic,32,ordinary,4096,10,21,0.225833,0.365875,0.225041,0.230667,0.361667,0.3735,-62.011309241784865,8bae746bd5cf8ce2a0f428447f7ab25c20b45e08876b836ef376c8f6424d1b90
1,generic,32,ordinary,32768,10,21,0.8365,1.065459,0.79525,0.872584,1.035834,1.186167,-27.371069934249846,65b43e77c0870f564fbd571e56bf0758915a88a585e0c6ee14f7025110463659
1,generic,32,ordinary,131072,10,21,1.73275,2.48975,1.668583,1.803834,2.372416,2.673959,-43.68777954119174,c4da81217d99a6dceb8d923716c729771e4c6d194299e818920773f7d81d69cb
1,generic,32,ordinary,524288,10,21,4.590917,7.264708,4.53,4.670666,7.086459,7.394542,-58.240891743414224,0382fd3d25f8ced27fd3938342f3b888b13d5564b9c64178ccb19858745018c3
1,generic,32,skip-1,4096,10,21,0.232125,0.3735,0.231209,0.234708,0.371583,0.375833,-60.904684975767374,6d866468b5d4f6ebc6a4dc0026da6353ccfb442aa020d32f4f6e7b4a15e69910
1,generic,32,skip-1,32768,10,21,0.860208,2.444459,0.812125,0.943667,2.373,2.465125,-184.17068894964942,0ac1d78192b57fe08e567c3fd1e6917fd97e5bfdd2e5a8e5da842c4bb3ea8742
1,generic,32,skip-1,131072,10,21,1.724292,8.392125,1.643958,1.903084,8.279958,8.591709,-386.6997585095796,ab581d4945469de1d9ae3a6b7c0a4b894783164f6b24efc81fcfec4f56ca4efe
1,generic,32,skip-1,524288,10,21,4.753875,31.143041,4.578708,4.879458,31.042417,31.441958,-555.1085377718177,24809c7818ffff4f8df1575b8e783b70566dd05b7adb7582e94ed33a46089da6
1,generic,32,skip-2,4096,10,21,0.154875,0.381208,0.154125,0.158667,0.379209,0.383459,-146.1391444713479,d6494b56a98e1a35aad0d2a13c13e3e389b10c4dee26ce9759414b9183d0323c
1,generic,32,skip-2,32768,10,21,0.678167,2.85925,0.641916,0.772667,2.849583,2.878708,-321.6144401010371,a007bb5b83685a8926668f33802be8fd4e1b44320c613b1ab398489a0cfa2004
1,generic,32,skip-2,131072,10,21,1.311167,10.38025,1.221458,1.437375,10.306958,10.46725,-691.6802360034992,2454921d11c1720c47dfb97a37b5b894ced64c3bbd7834eabb6ffb5e8122b400
1,generic,32,skip-2,524288,10,21,3.238209,39.589334,3.14,3.448834,39.4675,39.673,-1122.5688335743616,0fece4defea8873e0736264203d69c1c913a682bc51c7bfc185bba16a5dd7fb1
1,generic,32,skip-3,4096,10,21,0.137834,0.442084,0.137208,0.139542,0.440375,0.446625,-220.73653815459178,ba7c17a0402e518208c74d4136bf190e5d7b06d6cd72d634d927c24b67269ab6
1,generic,32,skip-3,32768,10,21,0.48975,3.357083,0.470459,0.53575,3.344042,3.368458,-585.4687085247575,96d7c0db819de2cc61c7a8e8471fa96532492eb8e8aacbcc14d49cc8de01a54c
1,generic,32,skip-3,131072,10,21,1.067958,13.030208,1.030375,1.224208,12.990542,13.099708,-1120.1049104927347,13812615cd0c2ff4f109941538d3ffba64e912170774047c3fd75c5460ab381e
1,generic,32,skip-3,524288,10,21,2.630166,50.660042,2.608584,2.745542,50.493125,50.865042,-1826.115766077122,2e1257bbcd1922825b9e6abcb1c80ea4b8866f2e86813743062da99b56076b3e
1,generic,32,skip-4,4096,10,21,0.154792,0.5815,0.153791,0.156375,0.579375,0.585291,-275.66540906506793,fafe7ef004da705c145234067e65258e09c2d6b20286c5672726e89dd6167150
1,generic,32,skip-4,32768,10,21,0.954084,4.436375,0.948708,0.958875,4.422042,4.448125,-364.98788366642765,0344bf7f3dd508e40cab31c62ba0f50c3eef7e75722b97fdbbbb4f84f1672aad
1,generic,32,skip-4,131072,10,21,1.063875,17.727041,0.993792,1.162542,17.670291,17.771791,-1566.271037480907,2ff24df9a6a8a1b11a596620a6972a3e46d9af6f5f668c94779b0171fa095e5f
1,generic,32,skip-4,524288,10,21,2.721208,69.5605,2.649583,2.887292,69.408375,70.013625,-2456.2360539877877,50933ac2f42ee7063a1b7345ed0a1dfc324b62ddda3ed200babb8a5bfbae1a88
1,generic,64,ordinary,4096,10,21,0.258209,0.373625,0.257292,0.260084,0.372083,0.374333,-44.69867432970966,11eec3bd311e94ad5a46f4630b8a4aea34690027a020527490a9d77d5b3d24fc
1,generic,64,ordinary,32768,10,21,0.866459,1.12,0.821333,0.918,1.028917,1.253042,-29.261742332874373,c4ac8de333f6ef594a8b5c023d54d578115e712ae88fc59c52bef88c4d9c6d98
1,generic,64,ordinary,131072,10,21,1.871458,2.47375,1.820458,1.994334,2.393,2.6235,-32.1830359003515,89e7344d07b0aed0e11c0cf5c1aa4f3efade1777959a7d5179208dae18cf3ea4
1,generic,64,ordinary,524288,10,21,5.092209,7.448708,4.925334,5.219459,7.232792,7.598833,-46.27655699127824,e4fd0f92f15a645d9eb26968c6e2222545833ce58d3d71ec830740f7bbb0ab3c
1,generic,64,skip-1,4096,10,21,0.628959,0.375542,0.592375,0.696666,0.373167,0.377833,40.291497537995326,67a37cbe780f8c93de7dc17e73023213f8ef89a81304c866ab1fae9dde4fce51
1,generic,64,skip-1,32768,10,21,2.801083,2.491833,2.758625,2.973417,2.461708,2.602458,11.040372598741277,6d26f59b414ddd97d263083a6817f7e43c164dc02931d6e5d633294a78c62e6d
1,generic,64,skip-1,131072,10,21,9.275667,8.610375,9.027125,9.573708,8.500583,8.68675,7.172443771429049,26c53fb2e4a5d007d1650be850289020d36354f90e23a3edf15c5415c67a326a
1,generic,64,skip-1,524288,10,21,32.810708,32.639333,32.464875,33.142834,32.48475,33.118042,0.522314239607391,f8ea0e40d159976fd73215e1aeffd7c606b1bb09f13fb699b3b528f8ecbe0b80
1,generic,64,skip-2,4096,10,21,0.808,0.404292,0.762667,0.870792,0.403041,0.406042,49.96386138613862,c13758a50c6bae7c9bf3d5e34d6035c10bb13ddfea8176ef052a8868ca101184
1,generic,64,skip-2,32768,10,21,4.059791,3.06325,4.008584,4.147042,3.0455,3.083625,24.546608433783913,e6f8211b845acc669da637d51456aac2f2d04dc6c4f83a88ccf985288655b242
1,generic,64,skip-2,131072,10,21,14.152916,11.117208,14.0405,14.294125,11.057292,11.1955,21.449346551622295,fb4e9c5406efacafd559361b5c667f69906577f4eede4b894e04c67adbb51940
1,generic,64,skip-2,524288,10,21,54.005167,42.874291,53.804084,54.56275,42.65625,43.212666,20.61076118883217,05ec829e1fd8e2b38f1c9505cbd6b98f2496a18ef7006c432e7c8dd4bcfb0711
1,generic,64,skip-3,4096,10,21,1.118583,0.484625,1.061167,1.160625,0.479167,0.488625,56.67509697536973,2142031833f54913c65d241c21c12a79bbeec6af92cdf3d9a69e6850dba8fec6
1,generic,64,skip-3,32768,10,21,6.624583,3.665667,6.564417,6.814875,3.653625,3.67925,44.66569442937012,4f3b56a617df95ff3d9236e4459595ba0118cd6ceba65c39f69ce17a53fb9562
1,generic,64,skip-3,131072,10,21,25.093375,14.303167,24.993625,25.299792,14.269333,14.374125,43.00022615530992,cb0e781f4561f4144660d1f59fdd21ef1d46e565fb4734e4736d7390b8e3028c
1,generic,64,skip-3,524288,10,21,100.173291,55.754667,98.052834,101.794875,55.635584,55.930083,44.34178367964371,f810ce93115ff8d210e6cc052ae4680ac3e3dcda0a073654620085ada11b3aa6
1,generic,64,skip-4,4096,10,21,1.85375,0.649875,1.799792,1.91625,0.647333,0.65175,64.94268374915711,d3cd78f9143b6643e06811646bb3cde55d868e11df8d932470daf11557ced208
1,generic,64,skip-4,32768,10,21,12.323708,5.001084,12.237792,12.479334,4.991292,5.050083,59.4189995413718,d64beba41c38404abc826195172cab7c131db319fdcef14ab98fb5f00b05f883
1,generic,64,skip-4,131072,10,21,48.422,19.986,48.184375,48.802,19.935,20.03275,58.725372764445915,f06f0f159874890eb46989ad0c9ae68cc4528f7d577733301fafa87c6ffb5d7d
1,generic,64,skip-4,524288,10,21,190.893667,78.439375,189.806667,193.075542,78.345583,78.809625,58.90938854456602,506b4fd8679db82a35cf6c623e62cf3a89648453a8bebd5b4c5c1f87245f9376
1,generic,128,ordinary,4096,10,21,0.446291,0.560916,0.4455,0.450666,0.557833,0.581083,-25.683914755170957,3860bdf1412a5a655f6de624b1994ee21d22292a7d46778f2932a818429a596e
1,generic,128,ordinary,32768,10,21,1.049459,1.360209,1.003125,1.090334,1.282667,1.4365,-29.610494550049115,a96a090967fe2638817f1c53186a2a00adc1d5aead5bc7f59a0eded2901e5ec8
1,generic,128,ordinary,131072,10,21,2.670792,3.219083,2.5955,2.737625,3.154875,3.365292,-20.529153898918384,f3d72ff37620cf0c0f29913623d58fb3ae8776b8be46bc311b31acc59f781733
1,generic,128,ordinary,524288,10,21,7.883833,10.760458,7.667166,8.171667,10.19275,11.557042,-36.48764503256221,5ab4415f9d5b54932067c540b9de0cfe3e6fc8299dc6b86a452033d7b7d9c7fe
1,generic,128,skip-1,4096,10,21,0.655458,0.589375,0.603584,0.767792,0.586583,0.595459,10.081957959167486,f53debd043f5cd148016d7e8bc943964d989fbe75ad986360d1db4aaa531e62f
1,generic,128,skip-1,32768,10,21,2.822834,4.042292,2.789375,2.970459,4.01675,4.089791,-43.19977724513733,8c84bbfcae85b0385321c4a33a1bf9c4bc9bda8558664d6100f8c578e473da45
1,generic,128,skip-1,131072,10,21,9.250667,14.821,9.052916,9.485583,14.746792,15.094042,-60.215474192293385,a0b38472f3348d53248138779ece06dc1f1918ba18639866fdd52fa1fe6d1f09
1,generic,128,skip-1,524288,10,21,33.92625,57.437667,33.641792,34.265333,57.314292,57.653334,-69.30154968497844,2842ea026d647882e4280539da402e49979f58264e67fd0a6cffc7ab52c4a562
1,generic,128,skip-2,4096,10,21,0.745083,0.693416,0.718167,0.879708,0.671625,0.698875,6.934395228451063,9de8cade6392d7a181c4462ca5560f6b0fcfeb0bd77da9abf84d4120469ada3f
1,generic,128,skip-2,32768,10,21,4.284042,5.26075,4.07675,4.457875,5.216583,5.427541,-22.798749405351295,af2556b54ae38f57835a239cb5074dab84c6a39edd717b910e9d651edbeb4634
1,generic,128,skip-2,131072,10,21,14.517458,19.92725,14.334375,14.6935,19.82,20.103125,-37.26404443532745,83366a3179fca832ae5965d207b5768b934b2c2db8784f84862f4c2d6afe0ba4
1,generic,128,skip-2,524288,10,21,55.358833,77.404584,54.767542,55.809042,77.219708,77.553458,-39.823366579999984,c2fccfe62ddc4962b4188d4785efe9f714c4e1caa4c202909a828d6b0dd4a587
1,generic,128,skip-3,4096,10,21,1.077417,0.90725,1.03425,1.159792,0.832125,0.916875,15.793977633543932,fcb33d8653758582522b22eb2a08534aedf9c88e227a56c098985bf2dfd42d47
1,generic,128,skip-3,32768,10,21,6.740041,6.498916,6.63,7.05375,6.483042,6.748042,3.5775004929495258,a65b10af2f1f7b5f6af07a0564c46c99b78658db1eff6be0ab88f8e6a69dbebf
1,generic,128,skip-3,131072,10,21,25.388,25.739333,25.248375,25.599875,25.635417,25.961834,-1.3838545769655042,fa97bf3ce82548e53cdff6c944b62d23d585ff8c0e3b505535c7af9e7406f134
1,generic,128,skip-3,524288,10,21,99.4565,101.086375,98.948166,101.986917,100.910208,101.59475,-1.638781778968701,59b4d3df96057a7980b76e69de61f37a3dde0a33579ab1856560806836a4e9b8
1,generic,128,skip-4,4096,10,21,1.845791,1.12525,1.810708,1.962459,1.121792,1.130334,39.03697655910122,3d591372b0d50b180da20efe3cadf3a1fe1558cbe05e04fb02be766af83d63f9
1,generic,128,skip-4,32768,10,21,12.45475,8.792208,12.315417,12.568834,8.754375,9.002875,29.406788574640196,f14961b72f39347632ee8beaf43fc5b8a86c8bfe29d16ec59c34e38d2e99e936
1,generic,128,skip-4,131072,10,21,48.691625,35.182667,48.495458,48.97425,35.092875,35.283166,27.7439046242552,803491efa5dbeb1dc572af1cc0d3bacf67d1db0a7bd298704b79c8951ae24272
1,generic,128,skip-4,524288,10,21,191.965375,139.259416,190.921083,197.145458,139.073,139.894167,27.455971682393244,fbee0b0eb9cf2c9456dcbfc684e9ff18ec671cd9d3ee639e113211599af067ab
1,production,32,ordinary,4096,10,21,0.225833,0.223167,0.225041,0.230667,0.221625,0.228958,1.1805183476285563,8bae746bd5cf8ce2a0f428447f7ab25c20b45e08876b836ef376c8f6424d1b90
1,production,32,ordinary,32768,10,21,0.8365,0.855334,0.79525,0.872584,0.803541,0.919375,-2.2515242080095588,65b43e77c0870f564fbd571e56bf0758915a88a585e0c6ee14f7025110463659
1,production,32,ordinary,131072,10,21,1.73275,1.886208,1.668583,1.803834,1.744833,2.081791,-8.856326648391288,c4da81217d99a6dceb8d923716c729771e4c6d194299e818920773f7d81d69cb
1,production,32,ordinary,524288,10,21,4.590917,4.730041,4.53,4.670666,4.590833,4.9225,-3.0304185416551777,0382fd3d25f8ced27fd3938342f3b888b13d5564b9c64178ccb19858745018c3
1,production,32,skip-1,4096,10,21,0.232125,0.235083,0.231209,0.234708,0.23375,0.236167,-1.2743134087237484,6d866468b5d4f6ebc6a4dc0026da6353ccfb442aa020d32f4f6e7b4a15e69910
1,production,32,skip-1,32768,10,21,0.860208,0.985459,0.812125,0.943667,0.915125,1.095417,-14.560548146494812,0ac1d78192b57fe08e567c3fd1e6917fd97e5bfdd2e5a8e5da842c4bb3ea8742
1,production,32,skip-1,131072,10,21,1.724292,2.174292,1.643958,1.903084,2.091625,2.304958,-26.097667912395337,ab581d4945469de1d9ae3a6b7c0a4b894783164f6b24efc81fcfec4f56ca4efe
1,production,32,skip-1,524288,10,21,4.753875,4.963792,4.578708,4.879458,4.845333,5.152834,-4.415702979148595,24809c7818ffff4f8df1575b8e783b70566dd05b7adb7582e94ed33a46089da6
1,production,32,skip-2,4096,10,21,0.154875,0.157,0.154125,0.158667,0.156375,0.159625,-1.3720742534301777,d6494b56a98e1a35aad0d2a13c13e3e389b10c4dee26ce9759414b9183d0323c
1,production,32,skip-2,32768,10,21,0.678167,0.815166,0.641916,0.772667,0.745667,0.88475,-20.201366330122216,a007bb5b83685a8926668f33802be8fd4e1b44320c613b1ab398489a0cfa2004
1,production,32,skip-2,131072,10,21,1.311167,1.608458,1.221458,1.437375,1.5125,1.723292,-22.67377077061885,2454921d11c1720c47dfb97a37b5b894ced64c3bbd7834eabb6ffb5e8122b400
1,production,32,skip-2,524288,10,21,3.238209,3.435625,3.14,3.448834,3.259875,3.800583,-6.096456405377171,0fece4defea8873e0736264203d69c1c913a682bc51c7bfc185bba16a5dd7fb1
1,production,32,skip-3,4096,10,21,0.137834,0.1395,0.137208,0.139542,0.137666,0.140583,-1.208700320675593,ba7c17a0402e518208c74d4136bf190e5d7b06d6cd72d634d927c24b67269ab6
1,production,32,skip-3,32768,10,21,0.48975,0.58675,0.470459,0.53575,0.516625,0.620875,-19.80602348136804,96d7c0db819de2cc61c7a8e8471fa96532492eb8e8aacbcc14d49cc8de01a54c
1,production,32,skip-3,131072,10,21,1.067958,1.247209,1.030375,1.224208,1.18475,1.339875,-16.784461561222443,13812615cd0c2ff4f109941538d3ffba64e912170774047c3fd75c5460ab381e
1,production,32,skip-3,524288,10,21,2.630166,2.747958,2.608584,2.745542,2.658459,2.895083,-4.478500596540291,2e1257bbcd1922825b9e6abcb1c80ea4b8866f2e86813743062da99b56076b3e
1,production,32,skip-4,4096,10,21,0.154792,0.155875,0.153791,0.156375,0.155,0.157209,-0.6996485606491243,fafe7ef004da705c145234067e65258e09c2d6b20286c5672726e89dd6167150
1,production,32,skip-4,32768,10,21,0.954084,0.961708,0.948708,0.958875,0.955791,0.975167,-0.7990910653569383,0344bf7f3dd508e40cab31c62ba0f50c3eef7e75722b97fdbbbb4f84f1672aad
1,production,32,skip-4,131072,10,21,1.063875,1.26625,0.993792,1.162542,1.201459,1.39575,-19.02244154623429,2ff24df9a6a8a1b11a596620a6972a3e46d9af6f5f668c94779b0171fa095e5f
1,production,32,skip-4,524288,10,21,2.721208,2.822666,2.649583,2.887292,2.677708,2.942458,-3.7284176733274332,50933ac2f42ee7063a1b7345ed0a1dfc324b62ddda3ed200babb8a5bfbae1a88
1,production,64,ordinary,4096,10,21,0.258209,0.257125,0.257292,0.260084,0.254417,0.261417,0.4198149561014497,11eec3bd311e94ad5a46f4630b8a4aea34690027a020527490a9d77d5b3d24fc
1,production,64,ordinary,32768,10,21,0.866459,0.904666,0.821333,0.918,0.862375,0.972916,-4.409556597600117,c4ac8de333f6ef594a8b5c023d54d578115e712ae88fc59c52bef88c4d9c6d98
1,production,64,ordinary,131072,10,21,1.871458,2.194333,1.820458,1.994334,2.143458,2.31625,-17.25259129512926,89e7344d07b0aed0e11c0cf5c1aa4f3efade1777959a7d5179208dae18cf3ea4
1,production,64,ordinary,524288,10,21,5.092209,5.330541,4.925334,5.219459,5.227417,5.530583,-4.680326357382425,e4fd0f92f15a645d9eb26968c6e2222545833ce58d3d71ec830740f7bbb0ab3c
1,production,64,skip-1,4096,10,21,0.628959,0.667833,0.592375,0.696666,0.621417,0.741041,-6.180689043323961,67a37cbe780f8c93de7dc17e73023213f8ef89a81304c866ab1fae9dde4fce51
1,production,64,skip-1,32768,10,21,2.801083,2.9905,2.758625,2.973417,2.917292,3.128417,-6.762277304885278,6d26f59b414ddd97d263083a6817f7e43c164dc02931d6e5d633294a78c62e6d
1,production,64,skip-1,131072,10,21,9.275667,9.549459,9.027125,9.573708,9.444291,9.763208,-2.95172304051019,26c53fb2e4a5d007d1650be850289020d36354f90e23a3edf15c5415c67a326a
1,production,64,skip-1,524288,10,21,32.810708,33.835417,32.464875,33.142834,33.239875,34.129167,-3.123093229198215,f8ea0e40d159976fd73215e1aeffd7c606b1bb09f13fb699b3b528f8ecbe0b80
1,production,64,skip-2,4096,10,21,0.808,0.839417,0.762667,0.870792,0.785917,0.914375,-3.8882425742574167,c13758a50c6bae7c9bf3d5e34d6035c10bb13ddfea8176ef052a8868ca101184
1,production,64,skip-2,32768,10,21,4.059791,4.09675,4.008584,4.147042,3.9925,4.193291,-0.9103670607674141,e6f8211b845acc669da637d51456aac2f2d04dc6c4f83a88ccf985288655b242
1,production,64,skip-2,131072,10,21,14.152916,14.755875,14.0405,14.294125,14.639333,14.912416,-4.260316389922747,fb4e9c5406efacafd559361b5c667f69906577f4eede4b894e04c67adbb51940
1,production,64,skip-2,524288,10,21,54.005167,53.916667,53.804084,54.56275,53.764333,54.611917,0.16387320865056676,05ec829e1fd8e2b38f1c9505cbd6b98f2496a18ef7006c432e7c8dd4bcfb0711
1,production,64,skip-3,4096,10,21,1.118583,1.118583,1.061167,1.160625,1.062958,1.194042,0.0,2142031833f54913c65d241c21c12a79bbeec6af92cdf3d9a69e6850dba8fec6
1,production,64,skip-3,32768,10,21,6.624583,6.7095,6.564417,6.814875,6.583667,7.295167,-1.2818467215219398,4f3b56a617df95ff3d9236e4459595ba0118cd6ceba65c39f69ce17a53fb9562
1,production,64,skip-3,131072,10,21,25.093375,26.102625,24.993625,25.299792,25.24475,38.365334,-4.0219779124968325,cb0e781f4561f4144660d1f59fdd21ef1d46e565fb4734e4736d7390b8e3028c
1,production,64,skip-3,524288,10,21,100.173291,98.108208,98.052834,101.794875,97.848,98.7695,2.0615105876874873,f810ce93115ff8d210e6cc052ae4680ac3e3dcda0a073654620085ada11b3aa6
1,production,64,skip-4,4096,10,21,1.85375,1.861167,1.799792,1.91625,1.81075,1.926125,-0.4001078894133592,d3cd78f9143b6643e06811646bb3cde55d868e11df8d932470daf11557ced208
1,production,64,skip-4,32768,10,21,12.323708,12.513833,12.237792,12.479334,12.34375,12.6505,-1.5427580724892254,d64beba41c38404abc826195172cab7c131db319fdcef14ab98fb5f00b05f883
1,production,64,skip-4,131072,10,21,48.422,48.419834,48.184375,48.802,48.165166,48.833667,0.004473173350960646,f06f0f159874890eb46989ad0c9ae68cc4528f7d577733301fafa87c6ffb5d7d
1,production,64,skip-4,524288,10,21,190.893667,190.542042,189.806667,193.075542,189.864542,191.325292,0.18419940563035864,506b4fd8679db82a35cf6c623e62cf3a89648453a8bebd5b4c5c1f87245f9376
1,production,128,ordinary,4096,10,21,0.446291,0.442667,0.4455,0.450666,0.441292,0.443875,0.8120262340042705,3860bdf1412a5a655f6de624b1994ee21d22292a7d46778f2932a818429a596e
1,production,128,ordinary,32768,10,21,1.049459,1.052084,1.003125,1.090334,1.018083,1.095333,-0.25012887592559263,a96a090967fe2638817f1c53186a2a00adc1d5aead5bc7f59a0eded2901e5ec8
1,production,128,ordinary,131072,10,21,2.670792,2.532958,2.5955,2.737625,2.46475,2.628208,5.160791255927077,f3d72ff37620cf0c0f29913623d58fb3ae8776b8be46bc311b31acc59f781733
1,production,128,ordinary,524288,10,21,7.883833,7.86525,7.667166,8.171667,7.795292,8.20325,0.23571021862081043,5ab4415f9d5b54932067c540b9de0cfe3e6fc8299dc6b86a452033d7b7d9c7fe
1,production,128,skip-1,4096,10,21,0.655458,0.737625,0.603584,0.767792,0.648542,0.834375,-12.535814651739695,f53debd043f5cd148016d7e8bc943964d989fbe75ad986360d1db4aaa531e62f
1,production,128,skip-1,32768,10,21,2.822834,2.926625,2.789375,2.970459,2.798084,3.106209,-3.6768368242695137,8c84bbfcae85b0385321c4a33a1bf9c4bc9bda8558664d6100f8c578e473da45
1,production,128,skip-1,131072,10,21,9.250667,9.050875,9.052916,9.485583,8.914416,9.21925,2.159757777466209,a0b38472f3348d53248138779ece06dc1f1918ba18639866fdd52fa1fe6d1f09
1,production,128,skip-1,524288,10,21,33.92625,33.929292,33.641792,34.265333,33.477291,34.887459,-0.008966508234764525,2842ea026d647882e4280539da402e49979f58264e67fd0a6cffc7ab52c4a562
1,production,128,skip-2,4096,10,21,0.745083,0.840958,0.718167,0.879708,0.761333,0.94375,-12.867693934769676,9de8cade6392d7a181c4462ca5560f6b0fcfeb0bd77da9abf84d4120469ada3f
1,production,128,skip-2,32768,10,21,4.284042,4.203708,4.07675,4.457875,4.085416,4.373083,1.8751916998012597,af2556b54ae38f57835a239cb5074dab84c6a39edd717b910e9d651edbeb4634
1,production,128,skip-2,131072,10,21,14.517458,14.562792,14.334375,14.6935,14.267875,14.918166,-0.3122723000128502,83366a3179fca832ae5965d207b5768b934b2c2db8784f84862f4c2d6afe0ba4
1,production,128,skip-2,524288,10,21,55.358833,56.695583,54.767542,55.809042,56.209792,58.347708,-2.4147004688483964,c2fccfe62ddc4962b4188d4785efe9f714c4e1caa4c202909a828d6b0dd4a587
1,production,128,skip-3,4096,10,21,1.077417,1.160042,1.03425,1.159792,1.090875,1.2445,-7.668804186308553,fcb33d8653758582522b22eb2a08534aedf9c88e227a56c098985bf2dfd42d47
1,production,128,skip-3,32768,10,21,6.740041,6.825417,6.63,7.05375,6.777375,7.065417,-1.266698526017862,a65b10af2f1f7b5f6af07a0564c46c99b78658db1eff6be0ab88f8e6a69dbebf
1,production,128,skip-3,131072,10,21,25.388,25.581959,25.248375,25.599875,25.47575,25.794958,-0.7639790452182105,fa97bf3ce82548e53cdff6c944b62d23d585ff8c0e3b505535c7af9e7406f134
1,production,128,skip-3,524288,10,21,99.4565,99.158166,98.948166,101.986917,98.691459,100.022334,0.29996430600313095,59b4d3df96057a7980b76e69de61f37a3dde0a33579ab1856560806836a4e9b8
1,production,128,skip-4,4096,10,21,1.845791,1.880584,1.810708,1.962459,1.81575,2.032333,-1.8849913126675721,3d591372b0d50b180da20efe3cadf3a1fe1558cbe05e04fb02be766af83d63f9
1,production,128,skip-4,32768,10,21,12.45475,12.523959,12.315417,12.568834,12.392459,12.702,-0.5556835745398336,f14961b72f39347632ee8beaf43fc5b8a86c8bfe29d16ec59c34e38d2e99e936
1,production,128,skip-4,131072,10,21,48.691625,48.757917,48.495458,48.97425,48.534167,50.27725,-0.13614661658960525,803491efa5dbeb1dc572af1cc0d3bacf67d1db0a7bd298704b79c8951ae24272
1,production,128,skip-4,524288,10,21,191.965375,191.531334,190.921083,197.145458,191.049833,192.246542,0.22610379606218256,fbee0b0eb9cf2c9456dcbfc684e9ff18ec671cd9d3ee639e113211599af067ab
2,generic,32,ordinary,4096,10,21,0.225542,0.375209,0.224458,0.229875,0.372625,0.377958,-66.35881565296043,8bae746bd5cf8ce2a0f428447f7ab25c20b45e08876b836ef376c8f6424d1b90
2,generic,32,ordinary,32768,10,21,0.951333,1.113542,0.830875,1.046041,1.027958,1.172916,-17.050706745167044,65b43e77c0870f564fbd571e56bf0758915a88a585e0c6ee14f7025110463659
2,generic,32,ordinary,131072,10,21,1.756167,2.537834,1.717709,1.852292,2.454542,2.669458,-44.509833062573215,c4da81217d99a6dceb8d923716c729771e4c6d194299e818920773f7d81d69cb
2,generic,32,ordinary,524288,10,21,4.615375,7.244667,4.507666,4.682584,7.113417,7.525958,-56.968112016900044,0382fd3d25f8ced27fd3938342f3b888b13d5564b9c64178ccb19858745018c3
2,generic,32,skip-1,4096,10,21,0.23125,0.385916,0.23,0.232625,0.382375,0.388833,-66.88259459459461,6d866468b5d4f6ebc6a4dc0026da6353ccfb442aa020d32f4f6e7b4a15e69910
2,generic,32,skip-1,32768,10,21,0.975041,2.48475,0.943875,1.066666,2.448375,2.612208,-154.83543768928692,0ac1d78192b57fe08e567c3fd1e6917fd97e5bfdd2e5a8e5da842c4bb3ea8742
2,generic,32,skip-1,131072,10,21,1.888125,8.334625,1.759333,1.984875,8.24025,8.508542,-341.42336974511755,ab581d4945469de1d9ae3a6b7c0a4b894783164f6b24efc81fcfec4f56ca4efe
2,generic,32,skip-1,524288,10,21,4.658042,32.857,4.536167,5.265083,31.306833,34.658084,-605.3822185373168,24809c7818ffff4f8df1575b8e783b70566dd05b7adb7582e94ed33a46089da6
2,generic,32,skip-2,4096,10,21,0.155125,0.391125,0.154334,0.156416,0.388792,0.395458,-152.13537469782432,d6494b56a98e1a35aad0d2a13c13e3e389b10c4dee26ce9759414b9183d0323c
2,generic,32,skip-2,32768,10,21,0.802417,2.897833,0.768958,0.921709,2.867791,2.952125,-261.1380367066002,a007bb5b83685a8926668f33802be8fd4e1b44320c613b1ab398489a0cfa2004
2,generic,32,skip-2,131072,10,21,1.250834,10.409917,1.222875,1.475917,10.267,10.535834,-732.2380907458543,2454921d11c1720c47dfb97a37b5b894ced64c3bbd7834eabb6ffb5e8122b400
2,generic,32,skip-2,524288,10,21,3.3125,41.638708,3.149625,3.759583,40.877,43.749208,-1157.0176,0fece4defea8873e0736264203d69c1c913a682bc51c7bfc185bba16a5dd7fb1
2,generic,32,skip-3,4096,10,21,0.138583,0.466542,0.137708,0.139834,0.455209,0.471583,-236.65168166369614,ba7c17a0402e518208c74d4136bf190e5d7b06d6cd72d634d927c24b67269ab6
2,generic,32,skip-3,32768,10,21,0.792375,3.36275,0.654125,1.356833,3.349709,3.372834,-324.3887048430352,96d7c0db819de2cc61c7a8e8471fa96532492eb8e8aacbcc14d49cc8de01a54c
2,generic,32,skip-3,131072,10,21,1.053292,13.028458,0.987916,1.171292,12.952,13.161166,-1136.9274617105227,13812615cd0c2ff4f109941538d3ffba64e912170774047c3fd75c5460ab381e
2,generic,32,skip-3,524288,10,21,3.467291,52.89475,3.00675,3.712458,52.002708,53.898417,-1425.5353531041958,2e1257bbcd1922825b9e6abcb1c80ea4b8866f2e86813743062da99b56076b3e
2,generic,32,skip-4,4096,10,21,0.153667,0.614125,0.153333,0.158125,0.579292,0.618083,-299.64663851054553,fafe7ef004da705c145234067e65258e09c2d6b20286c5672726e89dd6167150
2,generic,32,skip-4,32768,10,21,0.955042,4.451333,0.947625,1.018333,4.431708,4.464625,-366.08766944280984,0344bf7f3dd508e40cab31c62ba0f50c3eef7e75722b97fdbbbb4f84f1672aad
2,generic,32,skip-4,131072,10,21,1.161875,17.69475,1.038,1.248167,17.662459,17.797459,-1422.94782140936,2ff24df9a6a8a1b11a596620a6972a3e46d9af6f5f668c94779b0171fa095e5f
2,generic,32,skip-4,524288,10,21,2.84775,70.03375,2.731917,3.548541,69.680667,73.566042,-2359.2660872618735,50933ac2f42ee7063a1b7345ed0a1dfc324b62ddda3ed200babb8a5bfbae1a88
2,generic,64,ordinary,4096,10,21,0.256291,0.397208,0.255666,0.257041,0.374833,0.401458,-54.98320268757,11eec3bd311e94ad5a46f4630b8a4aea34690027a020527490a9d77d5b3d24fc
2,generic,64,ordinary,32768,10,21,0.904375,1.191875,0.840459,0.961833,1.128041,1.308459,-31.789910158949542,c4ac8de333f6ef594a8b5c023d54d578115e712ae88fc59c52bef88c4d9c6d98
2,generic,64,ordinary,131072,10,21,1.931417,2.545167,1.853875,2.040083,2.401291,2.745083,-31.77718742249862,89e7344d07b0aed0e11c0cf5c1aa4f3efade1777959a7d5179208dae18cf3ea4
2,generic,64,ordinary,524288,10,21,5.160167,7.399292,5.002041,5.305166,7.206125,7.630042,-43.39249097945861,e4fd0f92f15a645d9eb26968c6e2222545833ce58d3d71ec830740f7bbb0ab3c
2,generic,64,skip-1,4096,10,21,0.712625,0.401833,0.62575,0.795166,0.398708,0.405709,43.61227854762323,67a37cbe780f8c93de7dc17e73023213f8ef89a81304c866ab1fae9dde4fce51
2,generic,64,skip-1,32768,10,21,2.96625,2.555625,2.865708,3.080291,2.501458,2.615834,13.843236409608096,6d26f59b414ddd97d263083a6817f7e43c164dc02931d6e5d633294a78c62e6d
2,generic,64,skip-1,131072,10,21,9.184416,8.592292,9.045125,9.3475,8.511542,8.900417,6.447051178866459,26c53fb2e4a5d007d1650be850289020d36354f90e23a3edf15c5415c67a326a
2,generic,64,skip-1,524288,10,21,32.936042,32.571375,32.599666,33.158792,32.346708,32.857458,1.1071973979144167,f8ea0e40d159976fd73215e1aeffd7c606b1bb09f13fb699b3b528f8ecbe0b80
2,generic,64,skip-2,4096,10,21,0.761792,0.431458,0.702541,0.883625,0.428792,0.435875,43.36275518776779,c13758a50c6bae7c9bf3d5e34d6035c10bb13ddfea8176ef052a8868ca101184
2,generic,64,skip-2,32768,10,21,4.197208,3.093208,4.11725,4.306708,3.057042,3.143708,26.30319965081549,e6f8211b845acc669da637d51456aac2f2d04dc6c4f83a88ccf985288655b242
2,generic,64,skip-2,131072,10,21,14.402584,11.075667,14.30725,14.560792,11.040375,11.250125,23.09944521066497,fb4e9c5406efacafd559361b5c667f69906577f4eede4b894e04c67adbb51940
2,generic,64,skip-2,524288,10,21,54.078709,42.817083,53.807208,54.45425,42.706125,43.158667,20.824509697522554,05ec829e1fd8e2b38f1c9505cbd6b98f2496a18ef7006c432e7c8dd4bcfb0711
2,generic,64,skip-3,4096,10,21,1.164042,0.516,1.038833,1.226875,0.51025,0.520416,55.67170256743314,2142031833f54913c65d241c21c12a79bbeec6af92cdf3d9a69e6850dba8fec6
2,generic,64,skip-3,32768,10,21,6.719833,3.667875,6.641875,6.914875,3.656041,3.68475,45.41717033741761,4f3b56a617df95ff3d9236e4459595ba0118cd6ceba65c39f69ce17a53fb9562
2,generic,64,skip-3,131072,10,21,25.336375,14.26575,25.1665,25.553875,14.226791,14.397416,43.69458930095564,cb0e781f4561f4144660d1f59fdd21ef1d46e565fb4734e4736d7390b8e3028c
2,generic,64,skip-3,524288,10,21,98.313125,55.902417,97.830834,99.074459,55.785625,56.769459,43.13839886586862,f810ce93115ff8d210e6cc052ae4680ac3e3dcda0a073654620085ada11b3aa6
2,generic,64,skip-4,4096,10,21,1.864791,0.651417,1.772,1.927291,0.647875,0.671917,65.06755984987058,d3cd78f9143b6643e06811646bb3cde55d868e11df8d932470daf11557ced208
2,generic,64,skip-4,32768,10,21,12.446333,5.002667,12.319834,12.560709,4.994833,5.008333,59.80609710506701,d64beba41c38404abc826195172cab7c131db319fdcef14ab98fb5f00b05f883
2,generic,64,skip-4,131072,10,21,48.521833,19.9765,48.291,48.875459,19.904459,20.041292,58.82987355403495,f06f0f159874890eb46989ad0c9ae68cc4528f7d577733301fafa87c6ffb5d7d
2,generic,64,skip-4,524288,10,21,190.765333,78.65975,189.942541,191.451458,78.43075,79.040875,58.766224049733395,506b4fd8679db82a35cf6c623e62cf3a89648453a8bebd5b4c5c1f87245f9376
2,generic,128,ordinary,4096,10,21,0.460375,0.557958,0.45775,0.464583,0.556959,0.561916,-21.19641596524573,3860bdf1412a5a655f6de624b1994ee21d22292a7d46778f2932a818429a596e
2,generic,128,ordinary,32768,10,21,1.121125,1.3035,1.06775,1.178959,1.239625,1.404792,-16.26714237930651,a96a090967fe2638817f1c53186a2a00adc1d5aead5bc7f59a0eded2901e5ec8
2,generic,128,ordinary,131072,10,21,2.6195,3.228958,2.581292,2.701916,3.12925,3.608,-23.26619583890055,f3d72ff37620cf0c0f29913623d58fb3ae8776b8be46bc311b31acc59f781733
2,generic,128,ordinary,524288,10,21,8.202833,10.538,8.073583,8.897166,10.230875,10.762959,-28.46781105991065,5ab4415f9d5b54932067c540b9de0cfe3e6fc8299dc6b86a452033d7b7d9c7fe
2,generic,128,skip-1,4096,10,21,0.731375,0.571333,0.648084,0.791833,0.568083,0.572417,21.88234489830798,f53debd043f5cd148016d7e8bc943964d989fbe75ad986360d1db4aaa531e62f
2,generic,128,skip-1,32768,10,21,2.962083,4.044166,2.895792,3.149458,4.012208,4.149125,-36.5311505450725,8c84bbfcae85b0385321c4a33a1bf9c4bc9bda8558664d6100f8c578e473da45
2,generic,128,skip-1,131072,10,21,9.156083,14.904458,9.0505,9.35375,14.838083,15.06375,-62.782032447718095,a0b38472f3348d53248138779ece06dc1f1918ba18639866fdd52fa1fe6d1f09
2,generic,128,skip-1,524288,10,21,33.76575,57.765417,33.38275,34.00025,57.503917,58.344375,-71.07695519868507,2842ea026d647882e4280539da402e49979f58264e67fd0a6cffc7ab52c4a562
2,generic,128,skip-2,4096,10,21,0.816833,0.67475,0.755333,0.904459,0.67125,0.67925,17.394375594521772,9de8cade6392d7a181c4462ca5560f6b0fcfeb0bd77da9abf84d4120469ada3f
2,generic,128,skip-2,32768,10,21,4.297792,5.257666,4.19825,4.435083,5.224625,5.444,-22.334119473441238,af2556b54ae38f57835a239cb5074dab84c6a39edd717b910e9d651edbeb4634
2,generic,128,skip-2,131072,10,21,14.543666,19.881416,14.238291,14.805875,19.737792,20.031291,-36.70154416362421,83366a3179fca832ae5965d207b5768b934b2c2db8784f84862f4c2d6afe0ba4
2,generic,128,skip-2,524288,10,21,55.009125,77.599041,54.4775,56.7945,77.285875,78.102875,-41.06576136231943,c2fccfe62ddc4962b4188d4785efe9f714c4e1caa4c202909a828d6b0dd4a587
2,generic,128,skip-3,4096,10,21,1.136625,0.833375,1.0525,1.219083,0.830959,0.836125,26.679863631364785,fcb33d8653758582522b22eb2a08534aedf9c88e227a56c098985bf2dfd42d47
2,generic,128,skip-3,32768,10,21,6.906,6.495291,6.798459,7.076125,6.470708,6.710542,5.947132927888788,a65b10af2f1f7b5f6af07a0564c46c99b78658db1eff6be0ab88f8e6a69dbebf
2,generic,128,skip-3,131072,10,21,25.594708,25.6885,25.4505,26.045041,25.597917,25.802333,-0.36645075224144286,fa97bf3ce82548e53cdff6c944b62d23d585ff8c0e3b505535c7af9e7406f134
2,generic,128,skip-3,524288,10,21,99.28475,101.872542,98.855167,99.630459,100.8475,105.794083,-2.606434522925216,59b4d3df96057a7980b76e69de61f37a3dde0a33579ab1856560806836a4e9b8
2,generic,128,skip-4,4096,10,21,1.945834,1.125792,1.790083,2.084958,1.122667,1.129667,42.14347164249366,3d591372b0d50b180da20efe3cadf3a1fe1558cbe05e04fb02be766af83d63f9
2,generic,128,skip-4,32768,10,21,12.527417,8.784583,12.327708,12.660292,8.771833,8.809416,29.877140674729674,f14961b72f39347632ee8beaf43fc5b8a86c8bfe29d16ec59c34e38d2e99e936
2,generic,128,skip-4,131072,10,21,48.58075,35.316958,48.313834,48.893542,35.211708,36.093291,27.302567374937603,803491efa5dbeb1dc572af1cc0d3bacf67d1db0a7bd298704b79c8951ae24272
2,generic,128,skip-4,524288,10,21,192.987875,139.59475,191.117167,197.372292,139.276708,140.113125,27.66656972620689,fbee0b0eb9cf2c9456dcbfc684e9ff18ec671cd9d3ee639e113211599af067ab
2,production,32,ordinary,4096,10,21,0.225542,0.231167,0.224458,0.229875,0.229,0.242708,-2.49399224978053,8bae746bd5cf8ce2a0f428447f7ab25c20b45e08876b836ef376c8f6424d1b90
2,production,32,ordinary,32768,10,21,0.951333,0.851375,0.830875,1.046041,0.82225,0.901417,10.507151544201665,65b43e77c0870f564fbd571e56bf0758915a88a585e0c6ee14f7025110463659
2,production,32,ordinary,131072,10,21,1.756167,1.683458,1.717709,1.852292,1.616792,1.793791,4.140209900311298,c4da81217d99a6dceb8d923716c729771e4c6d194299e818920773f7d81d69cb
2,production,32,ordinary,524288,10,21,4.615375,4.562708,4.507666,4.682584,4.382584,4.619667,1.141120710668142,0382fd3d25f8ced27fd3938342f3b888b13d5564b9c64178ccb19858745018c3
2,production,32,skip-1,4096,10,21,0.23125,0.241875,0.23,0.232625,0.241208,0.243958,-4.594594594594592,6d866468b5d4f6ebc6a4dc0026da6353ccfb442aa020d32f4f6e7b4a15e69910
2,production,32,skip-1,32768,10,21,0.975041,0.902292,0.943875,1.066666,0.820584,0.977583,7.461122147684041,0ac1d78192b57fe08e567c3fd1e6917fd97e5bfdd2e5a8e5da842c4bb3ea8742
2,production,32,skip-1,131072,10,21,1.888125,1.818084,1.759333,1.984875,1.691333,1.88075,3.7095531281032823,ab581d4945469de1d9ae3a6b7c0a4b894783164f6b24efc81fcfec4f56ca4efe
2,production,32,skip-1,524288,10,21,4.658042,4.7335,4.536167,5.265083,4.586625,4.986875,-1.619951043807677,24809c7818ffff4f8df1575b8e783b70566dd05b7adb7582e94ed33a46089da6
2,production,32,skip-2,4096,10,21,0.155125,0.161084,0.154334,0.156416,0.160458,0.163042,-3.8414182111200734,d6494b56a98e1a35aad0d2a13c13e3e389b10c4dee26ce9759414b9183d0323c
2,production,32,skip-2,32768,10,21,0.802417,0.692708,0.768958,0.921709,0.656041,0.772083,13.672317510720733,a007bb5b83685a8926668f33802be8fd4e1b44320c613b1ab398489a0cfa2004
2,production,32,skip-2,131072,10,21,1.250834,1.384333,1.222875,1.475917,1.286584,1.503833,-10.67279910843486,2454921d11c1720c47dfb97a37b5b894ced64c3bbd7834eabb6ffb5e8122b400
2,production,32,skip-2,524288,10,21,3.3125,3.307666,3.149625,3.759583,3.146333,3.386333,0.14593207547169973,0fece4defea8873e0736264203d69c1c913a682bc51c7bfc185bba16a5dd7fb1
2,production,32,skip-3,4096,10,21,0.138583,0.143166,0.137708,0.139834,0.142333,0.145209,-3.3070434324556475,ba7c17a0402e518208c74d4136bf190e5d7b06d6cd72d634d927c24b67269ab6
2,production,32,skip-3,32768,10,21,0.792375,0.487,0.654125,1.356833,0.466542,0.52375,38.53920176684019,96d7c0db819de2cc61c7a8e8471fa96532492eb8e8aacbcc14d49cc8de01a54c
2,production,32,skip-3,131072,10,21,1.053292,1.209167,0.987916,1.171292,1.1165,1.292667,-14.798840207653718,13812615cd0c2ff4f109941538d3ffba64e912170774047c3fd75c5460ab381e
2,production,32,skip-3,524288,10,21,3.467291,2.677916,3.00675,3.712458,2.565375,2.743125,22.766332563375848,2e1257bbcd1922825b9e6abcb1c80ea4b8866f2e86813743062da99b56076b3e
2,production,32,skip-4,4096,10,21,0.153667,0.160708,0.153333,0.158125,0.16,0.162834,-4.581985722373694,fafe7ef004da705c145234067e65258e09c2d6b20286c5672726e89dd6167150
2,production,32,skip-4,32768,10,21,0.955042,0.95975,0.947625,1.018333,0.95625,0.96575,-0.49296261316256196,0344bf7f3dd508e40cab31c62ba0f50c3eef7e75722b97fdbbbb4f84f1672aad
2,production,32,skip-4,131072,10,21,1.161875,1.147708,1.038,1.248167,1.091167,1.19325,1.2193222162452888,2ff24df9a6a8a1b11a596620a6972a3e46d9af6f5f668c94779b0171fa095e5f
2,production,32,skip-4,524288,10,21,2.84775,2.769875,2.731917,3.548541,2.671,2.890916,2.734615046966904,50933ac2f42ee7063a1b7345ed0a1dfc324b62ddda3ed200babb8a5bfbae1a88
2,production,64,ordinary,4096,10,21,0.256291,0.264416,0.255666,0.257041,0.263125,0.266041,-3.1702244714016503,11eec3bd311e94ad5a46f4630b8a4aea34690027a020527490a9d77d5b3d24fc
2,production,64,ordinary,32768,10,21,0.904375,0.861709,0.840459,0.961833,0.830291,0.915834,4.717733241188671,c4ac8de333f6ef594a8b5c023d54d578115e712ae88fc59c52bef88c4d9c6d98
2,production,64,ordinary,131072,10,21,1.931417,1.944667,1.853875,2.040083,1.861375,2.212417,-0.6860248201191244,89e7344d07b0aed0e11c0cf5c1aa4f3efade1777959a7d5179208dae18cf3ea4
2,production,64,ordinary,524288,10,21,5.160167,5.047959,5.002041,5.305166,4.948459,5.212833,2.1745032670454245,e4fd0f92f15a645d9eb26968c6e2222545833ce58d3d71ec830740f7bbb0ab3c
2,production,64,skip-1,4096,10,21,0.712625,0.712417,0.62575,0.795166,0.659417,0.734167,0.029187861778634527,67a37cbe780f8c93de7dc17e73023213f8ef89a81304c866ab1fae9dde4fce51
2,production,64,skip-1,32768,10,21,2.96625,2.8265,2.865708,3.080291,2.748583,2.937667,4.711335861778343,6d26f59b414ddd97d263083a6817f7e43c164dc02931d6e5d633294a78c62e6d
2,production,64,skip-1,131072,10,21,9.184416,8.890917,9.045125,9.3475,8.80225,9.225792,3.195619623501378,26c53fb2e4a5d007d1650be850289020d36354f90e23a3edf15c5415c67a326a
2,production,64,skip-1,524288,10,21,32.936042,32.9465,32.599666,33.158792,32.668709,33.384541,-0.031752449186206455,f8ea0e40d159976fd73215e1aeffd7c606b1bb09f13fb699b3b528f8ecbe0b80
2,production,64,skip-2,4096,10,21,0.761792,0.812125,0.702541,0.883625,0.787625,0.851459,-6.607184113248765,c13758a50c6bae7c9bf3d5e34d6035c10bb13ddfea8176ef052a8868ca101184
2,production,64,skip-2,32768,10,21,4.197208,4.155125,4.11725,4.306708,4.020333,4.228542,1.002642709153323,e6f8211b845acc669da637d51456aac2f2d04dc6c4f83a88ccf985288655b242
2,production,64,skip-2,131072,10,21,14.402584,14.1935,14.30725,14.560792,14.009708,14.347541,1.45171172061902,fb4e9c5406efacafd559361b5c667f69906577f4eede4b894e04c67adbb51940
2,production,64,skip-2,524288,10,21,54.078709,54.110459,53.807208,54.45425,53.885708,54.503625,-0.05871072107139774,05ec829e1fd8e2b38f1c9505cbd6b98f2496a18ef7006c432e7c8dd4bcfb0711
2,production,64,skip-3,4096,10,21,1.164042,1.128875,1.038833,1.226875,1.091333,1.207541,3.0211109221144894,2142031833f54913c65d241c21c12a79bbeec6af92cdf3d9a69e6850dba8fec6
2,production,64,skip-3,32768,10,21,6.719833,6.627,6.641875,6.914875,6.545125,6.776291,1.381477783748497,4f3b56a617df95ff3d9236e4459595ba0118cd6ceba65c39f69ce17a53fb9562
2,production,64,skip-3,131072,10,21,25.336375,25.228125,25.1665,25.553875,25.006834,25.393833,0.42725133331030785,cb0e781f4561f4144660d1f59fdd21ef1d46e565fb4734e4736d7390b8e3028c
2,production,64,skip-3,524288,10,21,98.313125,98.109459,97.830834,99.074459,97.666209,98.517209,0.20716053934812795,f810ce93115ff8d210e6cc052ae4680ac3e3dcda0a073654620085ada11b3aa6
2,production,64,skip-4,4096,10,21,1.864791,1.869334,1.772,1.927291,1.77275,2.015667,-0.24361979438982662,d3cd78f9143b6643e06811646bb3cde55d868e11df8d932470daf11557ced208
2,production,64,skip-4,32768,10,21,12.446333,12.342875,12.319834,12.560709,12.248291,12.4595,0.8312327815751086,d64beba41c38404abc826195172cab7c131db319fdcef14ab98fb5f00b05f883
2,production,64,skip-4,131072,10,21,48.521833,48.554083,48.291,48.875459,48.273625,49.732708,-0.06646492518120883,f06f0f159874890eb46989ad0c9ae68cc4528f7d577733301fafa87c6ffb5d7d
2,production,64,skip-4,524288,10,21,190.765333,191.0095,189.942541,191.451458,189.969375,195.587542,-0.12799338127122972,506b4fd8679db82a35cf6c623e62cf3a89648453a8bebd5b4c5c1f87245f9376
2,production,128,ordinary,4096,10,21,0.460375,0.443083,0.45775,0.464583,0.441833,0.447,3.756068422481673,3860bdf1412a5a655f6de624b1994ee21d22292a7d46778f2932a818429a596e
2,production,128,ordinary,32768,10,21,1.121125,1.074167,1.06775,1.178959,1.031166,1.131541,4.188471401494032,a96a090967fe2638817f1c53186a2a00adc1d5aead5bc7f59a0eded2901e5ec8
2,production,128,ordinary,131072,10,21,2.6195,2.62475,2.581292,2.701916,2.553083,2.793875,-0.20041992746706594,f3d72ff37620cf0c0f29913623d58fb3ae8776b8be46bc311b31acc59f781733
2,production,128,ordinary,524288,10,21,8.202833,8.442667,8.073583,8.897166,8.095791,9.38075,-2.923794742621233,5ab4415f9d5b54932067c540b9de0cfe3e6fc8299dc6b86a452033d7b7d9c7fe
2,production,128,skip-1,4096,10,21,0.731375,0.709792,0.648084,0.791833,0.61675,0.820958,2.9510169201845793,f53debd043f5cd148016d7e8bc943964d989fbe75ad986360d1db4aaa531e62f
2,production,128,skip-1,32768,10,21,2.962083,2.908666,2.895792,3.149458,2.823417,3.0225,1.8033593251775892,8c84bbfcae85b0385321c4a33a1bf9c4bc9bda8558664d6100f8c578e473da45
2,production,128,skip-1,131072,10,21,9.156083,9.196667,9.0505,9.35375,9.031417,9.3485,-0.44324630958456623,a0b38472f3348d53248138779ece06dc1f1918ba18639866fdd52fa1fe6d1f09
2,production,128,skip-1,524288,10,21,33.76575,34.958584,33.38275,34.00025,34.332833,35.140583,-3.5326743815848882,2842ea026d647882e4280539da402e49979f58264e67fd0a6cffc7ab52c4a562
2,production,128,skip-2,4096,10,21,0.816833,0.772416,0.755333,0.904459,0.738875,0.950584,5.437708809511854,9de8cade6392d7a181c4462ca5560f6b0fcfeb0bd77da9abf84d4120469ada3f
2,production,128,skip-2,32768,10,21,4.297792,4.127916,4.19825,4.435083,4.052917,4.308625,3.952634282906198,af2556b54ae38f57835a239cb5074dab84c6a39edd717b910e9d651edbeb4634
2,production,128,skip-2,131072,10,21,14.543666,14.42275,14.238291,14.805875,14.289625,14.621958,0.8313997309894239,83366a3179fca832ae5965d207b5768b934b2c2db8784f84862f4c2d6afe0ba4
2,production,128,skip-2,524288,10,21,55.009125,55.134292,54.4775,56.7945,54.683583,55.632583,-0.22753861291195943,c2fccfe62ddc4962b4188d4785efe9f714c4e1caa4c202909a828d6b0dd4a587
2,production,128,skip-3,4096,10,21,1.136625,1.099042,1.0525,1.219083,1.062,1.175333,3.3065434949961503,fcb33d8653758582522b22eb2a08534aedf9c88e227a56c098985bf2dfd42d47
2,production,128,skip-3,32768,10,21,6.906,6.825041,6.798459,7.076125,6.677792,7.011917,1.172299449753833,a65b10af2f1f7b5f6af07a0564c46c99b78658db1eff6be0ab88f8e6a69dbebf
2,production,128,skip-3,131072,10,21,25.594708,26.180417,25.4505,26.045041,25.947708,26.555334,-2.2883988361969143,fa97bf3ce82548e53cdff6c944b62d23d585ff8c0e3b505535c7af9e7406f134
2,production,128,skip-3,524288,10,21,99.28475,99.460542,98.855167,99.630459,98.880875,100.034916,-0.17705841027952918,59b4d3df96057a7980b76e69de61f37a3dde0a33579ab1856560806836a4e9b8
2,production,128,skip-4,4096,10,21,1.945834,1.847375,1.790083,2.084958,1.768667,1.94225,5.059989701074197,3d591372b0d50b180da20efe3cadf3a1fe1558cbe05e04fb02be766af83d63f9
2,production,128,skip-4,32768,10,21,12.527417,12.520125,12.327708,12.660292,12.350333,12.613375,0.058208328181297286,f14961b72f39347632ee8beaf43fc5b8a86c8bfe29d16ec59c34e38d2e99e936
2,production,128,skip-4,131072,10,21,48.58075,50.015709,48.313834,48.893542,48.703125,51.395041,-2.953760491552715,803491efa5dbeb1dc572af1cc0d3bacf67d1db0a7bd298704b79c8951ae24272
2,production,128,skip-4,524288,10,21,192.987875,191.79225,191.117167,197.372292,191.311083,192.402041,0.6195337401378231,fbee0b0eb9cf2c9456dcbfc684e9ff18ec671cd9d3ee639e113211599af067ab
